1,LARC-23-9,LARCENY/THEFT OFFENSES – ALL OTHER LARC,2024-11-02,0430,5900 RICHMOND HWY,ALEXANDRIA,VA,22303
1,LARC-23-9,LARCENY/THEFT OFFENSES – ALL OTHER LARC,2024-11-02,1812,2400 CENTREVILLE RD,HERNDON,VA,20171
1,LARC-23-6,LARCENY - THEFT FROM MOTOR VEHICLE,2024-11-02,1900,11700 FAIRFAX WOODS WAY,FAIRFAX,VA,22030
1,SERV-1,SERVICE - POLICE SERVICE,2024-11-03,2333,7900 EDINBURGH DR,SPRINGFIELD,VA,22153
1,SUSP-1,SUSPICIOUS - EVENT,2024-11-03,0001,6200 QUANDER RD,ALEXANDRIA,VA,22307
1,ASSLT-13B-1,ASSAULT - SIMPLE; NOT AGGRAVATED,2024-11-03,0123,3200 HOLLY BERRY CT,FALLS CHURCH,VA,22042
2,NOISE-90Z-1,NOISE - NOISE VIOLATION,2024-11-03,0123,3200 HOLLY BERRY CT,FALLS CHURCH,VA,22042
3,DRUNK-90Z-1,DRUNK - DRUNK/PROFANE IN PUBLIC,2024-11-03,0123,3200 HOLLY BERRY CT,FALLS CHURCH,VA,22042
1,SUSP-2,SUSPICIOUS - PERSON,2024-11-03,0142,14800 HANCOCK CT,CENTREVILLE,VA,20120
1,WARR-90Z-4,WARRANT - WARRANT SERVICE,2024-11-03,0139,6200 LITTLE RIVER TPKE,ALEXANDRIA,VA,22312
1,LARC-23-10,LARCENY - THEFT OF SERVICES,2024-11-03,0138,5900 RICHMOND HWY,ALEXANDRIA,VA,22303
1,SUSP-4,SUSPICIOUS - NOISE,2024-11-03,0127,1700 PORT PL,RESTON,VA,20194
1,SERV-6,SERVICE - ANIMAL DESTROYED BY SERVICE WEAPON,2024-11-03,0200,13600 BALMORAL GREENS AVE,CLIFTON,VA,20124
1,SUSP-1,SUSPICIOUS - EVENT,2024-11-03,0127,7400 RICHMOND HWY,ALEXANDRIA,VA,22306
1,ASSLT-13B-1,ASSAULT - SIMPLE; NOT AGGRAVATED,2024-11-03,0212,7800 FRANCIS DICKENS LN,ANNANDALE,VA,22003
1,ROB-120-7,ROBBERY - PERSON,2024-11-03,0133,5900 RICHMOND HWY,ALEXANDRIA,VA,22303
1,ASSLT-13B-1,ASSAULT - SIMPLE; NOT AGGRAVATED,2024-11-03,0106,5800 POST CORNERS TRL,CENTREVILLE,VA,20120
1,SUSP-1,SUSPICIOUS - EVENT,2024-11-03,0248, FAIRFAX COUNTY PKWY SB / STRINGFELLOW RD,FAIRFAX,VA,22033
1,SERV-47,SERVICE - NON-FATAL OVERDOSE (NFO),2024-11-03,0254, BROOK DR / PATRICK HENRY DR,FALLS CHURCH,VA,22044
1,SUSP-1,SUSPICIOUS - EVENT,2024-11-03,0321,7700 SARATOGA RIDGE CT,SPRINGFIELD,VA,22153
1,ASSLT-13B-1,ASSAULT - SIMPLE; NOT AGGRAVATED,2024-11-03,0203,7900 CHARLES THOMSON LN,ANNANDALE,VA,22003
1,SERV-2,SERVICE - CIVIL DISPUTE,2024-11-03,0332,13400 SAND ROCK CT,CHANTILLY,VA,20151
1,SUSP-1,SUSPICIOUS - EVENT,2024-11-03,0330,2000 MALEADY DR,HERNDON,VA,20170
1,SERV-2,SERVICE - CIVIL DISPUTE,2024-11-03,0433,9800 WOODLEIGH LN,FAIRFAX,VA,22032
2,SERV-29,SERVICE - DOMESTIC DISPUTE,2024-11-03,0436,6900 GILBERT ST,SPRINGFIELD,VA,22150
1,TRES-90J-1,TRESPASSING - PRIVATE PROPERTY,2024-11-03,0436,6900 GILBERT ST,SPRINGFIELD,VA,22150
2,TRES-90J-1,TRESPASSING - PRIVATE PROPERTY,2024-11-03,0402,7500 LEESBURG PIKE,FALLS CHURCH,VA,22043
1,ASSLT-13B-2,ASSAULT - SIMPLE ASSAULT ON LEO,2024-11-03,0402,7500 LEESBURG PIKE,FALLS CHURCH,VA,22043
3,DRUNK-90Z-1,DRUNK - DRUNK/PROFANE IN PUBLIC,2024-11-03,0402,7500 LEESBURG PIKE,FALLS CHURCH,VA,22043
1,ASSLT-13B-1,ASSAULT - SIMPLE; NOT AGGRAVATED,2024-11-03,0502,5800 SEMINARY RD,FALLS CHURCH,VA,22041
1,ASSLT-13B-1,ASSAULT - SIMPLE; NOT AGGRAVATED,2024-11-03,0455,6700 ROLLING RD,SPRINGFIELD,VA,22152
1,SUSP-1,SUSPICIOUS - EVENT,2024-11-03,0453,13700 ATLANTIS ST,HERNDON,VA,20171
1,SUSP-1,SUSPICIOUS - EVENT,2024-11-03,0615,3800 SOUTH GEORGE MASON DR,FALLS CHURCH,VA,22041
1,SERV-6,SERVICE - ANIMAL DESTROYED BY SERVICE WEAPON,2024-11-03,0653, FAIR LAKES CIR / SHOPPES LN,FAIRFAX,VA,22033
1,LARC-23-6,LARCENY - THEFT FROM MOTOR VEHICLE,2024-11-03,0013,8100 TERMINAL RD,LORTON,VA,22079
1,SERV-2,SERVICE - CIVIL DISPUTE,2024-11-03,0700,3000 ANNANDALE RD,FALLS CHURCH,VA,22042
1,SERV-32,SERVICE - STOLEN AUTO RECOVERY OTHER JURISDICTION,2024-11-03,0758,2200 GALLOWS RD,DUNN LORING,VA,22182
1,ASSLT-13C-3,THREATS - TELEPHONE THREATS/ABUSE/OBSCENE,2024-11-03,0805,7000 MANCHESTER BLVD,ALEXANDRIA,VA,22310
1,ASSLT-13A-2,ASSAULT - KNIFE OR CUTTING INSTRUMENT,2024-11-03,0754,5200 AMPTHILL DR,ALEXANDRIA,VA,22312
1,SERV-1,SERVICE - POLICE SERVICE,2024-11-03,0754,6400 RICHMOND HWY,ALEXANDRIA,VA,22306
1,LARC-23-3,LARCENY - SHOPLIFTING,2024-11-03,0900,7700 RICHMOND HWY,ALEXANDRIA,VA,22306
1,SERV-1,SERVICE - POLICE SERVICE,2024-11-03,0741,8000 KIDWELL TOWN CT,VIENNA,VA,22182
1,SERV-8,SERVICE - LOST/FOUND PROPERTY,2024-11-03,0910,2600 VELOCITY RD,HERNDON,VA,20171
1,ASSLT-13B-1,ASSAULT - SIMPLE; NOT AGGRAVATED,2024-11-03,0950,3300 GALLOWS RD,FALLS CHURCH,VA,22042
1,SERV-29,SERVICE - DOMESTIC DISPUTE,2024-11-03,0941,14600 CHEVERLY CT,CENTREVILLE,VA,20120
1,ASSLT-13A-3,ASSAULT - OTHER DANGEROUS WEAPON,2024-11-03,0940,11900 BOWMAN TOWNE DR,RESTON,VA,20190
1,ASSLT-13C-3,THREATS - TELEPHONE THREATS/ABUSE/OBSCENE,2024-11-03,0800,7100 ROCK RIDGE LN,ALEXANDRIA,VA,22315
1,SERV-4,SERVICE - INJURED/SICK PERSON,2024-11-03,0933,8500 TYSPRING ST,VIENNA,VA,22182
1,DEST-290-2,DESTRUCTION - PRIVATE PROPERTY,2024-11-03,0941,7700 STONE WHEAT CT,ALEXANDRIA,VA,22315
1,DEST-290-2,DESTRUCTION - PRIVATE PROPERTY,2024-11-03,1005,11700 POTOMAC CROSSING WAY,FAIRFAX,VA,22030
1,ASSLT-13B-1,ASSAULT - SIMPLE; NOT AGGRAVATED,2024-11-03,1015,5800 NORTH KINGS HWY,ALEXANDRIA,VA,22303
2,LARC-23-3,LARCENY - SHOPLIFTING,2024-11-03,1015,5800 NORTH KINGS HWY,ALEXANDRIA,VA,22303
1,ASSLT-13B-1,ASSAULT - SIMPLE; NOT AGGRAVATED,2024-11-03,1015,5800 KINGSTOWNE BLVD,ALEXANDRIA,VA,22315
1,SERV-29,SERVICE - DOMESTIC DISPUTE,2024-11-03,0950,7700 EUCLID WAY,SPRINGFIELD,VA,22153
1,SERV-5,SERVICE - ANIMAL DESTROYED BY CHEMICAL,2024-11-03,1058,2100 GLENN SPRING CT,FALLS CHURCH,VA,22043
1,ASSLT-13B-1,ASSAULT - SIMPLE; NOT AGGRAVATED,2024-11-03,1000,11300 WESTBROOK MILL LN,FAIRFAX,VA,22030
1,LARC-23-7,LARCENY - THEFT OF MOTOR VEHICLE PARTS,2024-11-03,0945,14300 CHANTILLY CROSSING LN,CHANTILLY,VA,20151
1,ANML-90Z-3,ANIMAL - LICENSE VIOLATION,2024-11-03,1126,5500 CAITHNESS CT,FAIRFAX,VA,22032
2,ANML-90Z-1,ANIMAL - RUNNING AT LARGE/UNRESTRICTED,2024-11-03,1126,5500 CAITHNESS CT,FAIRFAX,VA,22032
3,ANML-90Z-7,ANIMAL - OTHER ANIMAL CODE VIOLATION,2024-11-03,1126,5500 CAITHNESS CT,FAIRFAX,VA,22032
1,SERV-29,SERVICE - DOMESTIC DISPUTE,2024-11-03,1022,8700 OLD DOMINION DR,MCLEAN,VA,22102
1,SERV-1,SERVICE - POLICE SERVICE,2024-11-03,1117,2500 CHAIN BRIDGE RD,VIENNA,VA,22181
1,SERV-5,SERVICE - ANIMAL DESTROYED BY CHEMICAL,2024-11-03,1148,8300 JUDY WITT LN,VIENNA,VA,22182
1,BURG-220-3,BURGLARY/BREAKING AND ENTERING,2024-11-03,1139,4000 LEES CORNER RD,CHANTILLY,VA,20151
2,LARC-23-12,LARCENY - ANIMALS/LIVESTOCK,2024-11-03,1139,4000 LEES CORNER RD,CHANTILLY,VA,20151
1,LARC-23-3,LARCENY - SHOPLIFTING,2024-11-03,1222,4300 BACKLICK RD,ANNANDALE,VA,22003
2,TRES-90J-1,TRESPASSING - PRIVATE PROPERTY,2024-11-03,1235,6900 BRADLICK SHOPPING CTR,ANNANDALE,VA,22003
1,LARC-23-3,LARCENY - SHOPLIFTING,2024-11-03,1235,6900 BRADLICK SHOPPING CTR,ANNANDALE,VA,22003
1,TRES-90J-1,TRESPASSING - PRIVATE PROPERTY,2024-11-03,1156,8100 LEESBURG PIKE,VIENNA,VA,22182
1,ASSLT-13A-1,ASSAULT - AGGRAVATED,2024-11-03,1229,3100 PATRICK HENRY DR,FALLS CHURCH,VA,22044
1,SERV-1,SERVICE - POLICE SERVICE,2024-11-03,1327,3100 JERMANTOWN RD,OAKTON,VA,22124
1,SERV-8,SERVICE - LOST/FOUND PROPERTY,2024-11-03,1240,6500 COLUMBIA PIKE,ANNANDALE,VA,22003
1,SERV-23,SERVICE - MISSING ADULT,2024-11-03,1314,6100 UNION VILLAGE DR,CLIFTON,VA,20124
1,LARC-23-3,LARCENY - SHOPLIFTING,2024-11-03,1230,8300 LEESBURG PIKE,VIENNA,VA,22182
1,LARC-23-3,LARCENY - SHOPLIFTING,2024-11-03,1326,7400 LITTLE RIVER TPKE,ANNANDALE,VA,22003
1,LARC-23-3,LARCENY - SHOPLIFTING,2024-11-03,1337,3500 SOUTH JEFFERSON ST,FALLS CHURCH,VA,22041
1,ANML-4,ANIMAL - SERVICE - WILD,2024-11-03,1252,2700 DORR AVE,FAIRFAX,VA,22031
2,SERV-5,SERVICE - ANIMAL DESTROYED BY CHEMICAL,2024-11-03,1252,2700 DORR AVE,FAIRFAX,VA,22031
0,SUSP-2,SUSPICIOUS - PERSON,2024-11-03,1313,12200 FAIRFAX TOWNE CTR,FAIRFAX,VA,22033
1,SERV-1,SERVICE - POLICE SERVICE,2024-11-03,0912,7900 ETHAN ALLEN LN,ANNANDALE,VA,22003
1,ASSLT-13B-1,ASSAULT - SIMPLE; NOT AGGRAVATED,2024-11-03,1320,15600 BRADDOCK RD,CENTREVILLE,VA,20120
1,TRES-90J-7,TRESPASSING - UNLAWFUL ENTRY,2024-11-03,1336,1800 WIEHLE AVE,RESTON,VA,20190
1,ANML-90Z-1,ANIMAL - RUNNING AT LARGE/UNRESTRICTED,2024-11-03,1404,8300 HARLAND DR,SPRINGFIELD,VA,22152
1,SERV-1,SERVICE - POLICE SERVICE,2024-11-03,1424,6100 LARSTAN DR,ALEXANDRIA,VA,22312
1,SERV-29,SERVICE - DOMESTIC DISPUTE,2024-11-03,1421,3300 PEACOCK PL,ALEXANDRIA,VA,22306
1,AUTO-240-4,AUTO THEFT - AUTOS,2024-11-03,1223,1700 TYSONS BLVD,MCLEAN,VA,22102
1,ASSLT-13B-1,ASSAULT - SIMPLE; NOT AGGRAVATED,2024-11-03,1429,4100 WADSWORTH CT,ANNANDALE,VA,22003
1,DEST-290-6,DESTRUCTION - OTHER,2024-11-03,1245,4200 JOHN MARR DR,ANNANDALE,VA,22003
1,SERV-1,SERVICE - POLICE SERVICE,2024-11-03,1615,12000 TOWN SQUARE ST,RESTON,VA,20190
1,SERV-8,SERVICE - LOST/FOUND PROPERTY,2024-11-03,1535,6000 BURKE CENTRE PKWY,BURKE,VA,22015
1,SERV-1,SERVICE - POLICE SERVICE,2024-11-03,1437,1800 CAMERON GLEN DR,RESTON,VA,20190
1,SUSP-1,SUSPICIOUS - EVENT,2024-11-03,1635,6700 AMLONG AVE,ALEXANDRIA,VA,22306
1,SERV-2,SERVICE - CIVIL DISPUTE,2024-11-03,1605,6500 SPRINGFIELD MALL,SPRINGFIELD,VA,22150
1,SERV-8,SERVICE - LOST/FOUND PROPERTY,2024-11-03,1642,5200 MONROE DR,SPRINGFIELD,VA,22151
1,SERV-1,SERVICE - POLICE SERVICE,2024-11-03,1634,11800 SOUTH LAKES DR,RESTON,VA,20191
1,LARC-23-6,LARCENY - THEFT FROM MOTOR VEHICLE,2024-11-03,1530,7900 HERITAGE DR,ANNANDALE,VA,22003
1,SERV-29,SERVICE - DOMESTIC DISPUTE,2024-11-03,1646,1500 LINCOLN WAY,MCLEAN,VA,22102
1,SUSP-1,SUSPICIOUS - EVENT,2024-11-03,1618,11900 PARKSIDE DR,FAIRFAX,VA,22033
1,SERV-1,SERVICE - POLICE SERVICE,2024-11-03,1614,6300 SPRINGFIELD PLZ,SPRINGFIELD,VA,22150
1,LARC-23-4,LARCENY - THEFT FROM BUILDING,2024-11-03,1648,8400 OLD KEENE MILL RD,SPRINGFIELD,VA,22152
1,ASSLT-13B-1,ASSAULT - SIMPLE; NOT AGGRAVATED,2024-11-03,1543,8100 RUSSELL RD,ALEXANDRIA,VA,22309
1,ASSLT-13B-1,ASSAULT - SIMPLE; NOT AGGRAVATED,2024-11-03,1645,8600 VENOY CT,ALEXANDRIA,VA,22309
1,SERV-1,SERVICE - POLICE SERVICE,2024-11-03,1728,3600 DANNYS LN,ALEXANDRIA,VA,22311
1,LARC-23-3,LARCENY - SHOPLIFTING,2024-11-03,1646,6100 FRANCONIA RD,ALEXANDRIA,VA,22310
1,SERV-2,SERVICE - CIVIL DISPUTE,2024-11-03,1725,7600 TREMAYNE PL,MCLEAN,VA,22102
1,SERV-29,SERVICE - DOMESTIC DISPUTE,2024-11-03,1740,7500 CALDERON CT,ALEXANDRIA,VA,22306
1,SERV-8,SERVICE - LOST/FOUND PROPERTY,2024-11-03,1726,6500 SPRINGFIELD MALL,SPRINGFIELD,VA,22150
1,SERV-29,SERVICE - DOMESTIC DISPUTE,2024-11-03,1816,4300 HOLLOWSTONE CT,CHANTILLY,VA,20151
1,LARC-23-3,LARCENY - SHOPLIFTING,2024-11-03,1815,7700 RICHMOND HWY,ALEXANDRIA,VA,22306
1,SERV-8,SERVICE - LOST/FOUND PROPERTY,2024-11-03,1704,2000 PEACH ORCHARD DR,FALLS CHURCH,VA,22043
1,SERV-8,SERVICE - LOST/FOUND PROPERTY,2024-11-03,1300, CENTREVILLE RD / ROUTE 29,CENTREVILLE,VA,20121
1,ASSLT-13B-2,ASSAULT - SIMPLE ASSAULT ON LEO,2024-11-03,1830,3300 GALLOWS RD,FALLS CHURCH,VA,22042
1,LARC-23-9,LARCENY -  ALL OTHER LARCENY,2024-11-03,1735,2000 GREAT FALLS ST,FALLS CHURCH,VA,22043
1,ASSLT-13B-1,ASSAULT - SIMPLE; NOT AGGRAVATED,2024-11-03,1818,3800 PINEWOOD TER,FALLS CHURCH,VA,22041
1,ANML-90Z-1,ANIMAL - RUNNING AT LARGE/UNRESTRICTED,2024-11-03,1735,6400 GAINER ST,ANNANDALE,VA,22003
2,ANML-90Z-3,ANIMAL - LICENSE VIOLATION,2024-11-03,1735,6400 GAINER ST,ANNANDALE,VA,22003
3,ANML-90Z-2,ANIMAL - RABIES CERTIFICATE VIOLATION,2024-11-03,1735,6400 GAINER ST,ANNANDALE,VA,22003
1,ANML-90Z-1,ANIMAL - RUNNING AT LARGE/UNRESTRICTED,2024-11-03,1745,5800 TRINITY PKWY,CENTREVILLE,VA,20120
1,SERV-29,SERVICE - DOMESTIC DISPUTE,2024-11-03,1859,8200 WILLOW OAKS CORPORATE DR,FAIRFAX,VA,22031
1,WEAP-520-3,WEAPONS - UNLAWFUL DISCHARGE/RECKLESS HANDLING,2024-11-03,1853,11500 POPES HEAD RD,FAIRFAX,VA,22030
1,SERV-29,SERVICE - DOMESTIC DISPUTE,2024-11-03,1651,13600 NEIL ARMSTRONG AVE,HERNDON,VA,20171
1,SERV-29,SERVICE - DOMESTIC DISPUTE,2024-11-03,1916,3300 CANNONGATE RD,FAIRFAX,VA,22031
1,ASSLT-13B-1,ASSAULT - SIMPLE; NOT AGGRAVATED,2024-11-03,1921,6100 ARLINGTON BLVD,FALLS CHURCH,VA,22044
1,LARC-23-3,LARCENY - SHOPLIFTING,2024-11-03,1905,3000 NUTLEY ST,FAIRFAX,VA,22031
2,TRES-90J-1,TRESPASSING - PRIVATE PROPERTY,2024-11-03,1905,3000 NUTLEY ST,FAIRFAX,VA,22031
1,ASSLT-13B-1,ASSAULT - SIMPLE; NOT AGGRAVATED,2024-11-03,1515,7100 BRADDOCK RD,ANNANDALE,VA,22003
1,ASSLT-13B-1,ASSAULT - SIMPLE; NOT AGGRAVATED,2024-11-03,0800,13200 WOODLAND PARK RD,HERNDON,VA,20171
1,SERV-29,SERVICE - DOMESTIC DISPUTE,2024-11-03,1809,3100 FURMAN LN,ALEXANDRIA,VA,22306
2,TRES-90J-1,TRESPASSING - PRIVATE PROPERTY,2024-11-03,1900,6000 LEESBURG PIKE,FALLS CHURCH,VA,22041
1,LARC-23-3,LARCENY - SHOPLIFTING,2024-11-03,1900,6000 LEESBURG PIKE,FALLS CHURCH,VA,22041
1,ASSLT-13B-1,ASSAULT - SIMPLE; NOT AGGRAVATED,2024-11-03,1839,13000 MONTEREY ESTATES DR,HERNDON,VA,20171
1,DEST-290-2,DESTRUCTION - PRIVATE PROPERTY,2024-11-03,1940,8700 BRADDOCK AVE,ALEXANDRIA,VA,22309
1,SERV-11,SERVICE - NATURAL DEATH,2024-11-03,1901,3800 EL CAMINO PL,ALEXANDRIA,VA,22309
1,ASSLT-13B-1,ASSAULT - SIMPLE; NOT AGGRAVATED,2024-11-03,1918,3200 PONY RIDGE WAY,OAKTON,VA,22124
1,DISORD-90C-2,DISORDERLY - DISORDERLY CONDUCT,2024-11-03,1824,2400 CENTREVILLE RD,HERNDON,VA,20171
2,SERV-29,SERVICE - DOMESTIC DISPUTE,2024-11-03,1824,2400 CENTREVILLE RD,HERNDON,VA,20171
1,ANML-90Z-3,ANIMAL - LICENSE VIOLATION,2024-11-03,1923,10700 HARLEY RD,LORTON,VA,22079
2,ANML-90Z-1,ANIMAL - RUNNING AT LARGE/UNRESTRICTED,2024-11-03,1923,10700 HARLEY RD,LORTON,VA,22079
3,SUSP-1,SUSPICIOUS - EVENT,2024-11-03,1923,10700 HARLEY RD,LORTON,VA,22079
1,SUSP-2,SUSPICIOUS - PERSON,2024-11-03,1931,6400 TOPSAILS LN,SPRINGFIELD,VA,22150
1,SERV-29,SERVICE - DOMESTIC DISPUTE,2024-11-03,1929,1400 GREENMONT CT,RESTON,VA,20190
1,SERV-2,SERVICE - CIVIL DISPUTE,2024-11-03,2010,5900 WILLIAMSBURG RD,ALEXANDRIA,VA,22303
1,SERV-2,SERVICE - CIVIL DISPUTE,2024-11-03,1600,11200 HUNTING HORSE DR,FAIRFAX STATION,VA,22039
1,ASSLT-13B-1,ASSAULT - SIMPLE; NOT AGGRAVATED,2024-11-03,1625,11000 RING RD,RESTON,VA,20190
1,ASSLT-13B-1,ASSAULT - SIMPLE; NOT AGGRAVATED,2024-11-03,1931,6300 MULTIPLEX DR,CENTREVILLE,VA,20121
1,LARC-23-3,LARCENY - SHOPLIFTING,2024-11-03,1937,7800 HERITAGE DR,ANNANDALE,VA,22003
1,LARC-23-4,LARCENY - THEFT FROM BUILDING,2024-11-03,1613,1200 RESTON AVE,HERNDON,VA,20170
1,ASSLT-13A-1,ASSAULT - AGGRAVATED,2024-11-03,1905,15100 KAMPUTA DR,CENTREVILLE,VA,20120
1,ABC-90G-10,ABC - DRINKING/TENDING ALCOHOL IN PUBLIC,2024-11-03,2008,2900 TELESTAR CT,FALLS CHURCH,VA,22042
1,SERV-8,SERVICE - LOST/FOUND PROPERTY,2024-11-03,1500,2100 CENTREVILLE RD,HERNDON,VA,20170
1,SERV-1,SERVICE - POLICE SERVICE,2024-11-03,2049,11900 PLANTATION DR,GREAT FALLS,VA,22066
1,DRUNK-90Z-1,DRUNK - DRUNK/PROFANE IN PUBLIC,2024-11-03,2129,6100 BACKLICK RD,SPRINGFIELD,VA,22150
2,WARR-90Z-1,ORDER - VIOLATE EPO/PO/PPO,2024-11-03,2130,2800 JOSEPH MAKELL CT,ALEXANDRIA,VA,22306
1,DEST-290-2,DESTRUCTION - PRIVATE PROPERTY,2024-11-03,2130,2800 JOSEPH MAKELL CT,ALEXANDRIA,VA,22306
1,SERV-29,SERVICE - DOMESTIC DISPUTE,2024-11-03,2048,13600 ACORN HUNT PL,HERNDON,VA,20171
1,SERV-29,SERVICE - DOMESTIC DISPUTE,2024-11-03,1958,6000 COFFER WOODS CT,BURKE,VA,22015
1,DRUNK-90Z-1,DRUNK - DRUNK/PROFANE IN PUBLIC,2024-11-03,2109,7400 LITTLE RIVER TPKE,ANNANDALE,VA,22003
1,ASSLT-13B-1,ASSAULT - SIMPLE; NOT AGGRAVATED,2024-11-03,2206,6100 LITTLE RIVER TPKE,ALEXANDRIA,VA,22312
1,LARC-23-10,LARCENY - THEFT OF SERVICES,2024-11-03,2134,1400 NORTH POINT VILLAGE CTR,RESTON,VA,20194
1,LARC-23-9,LARCENY -  ALL OTHER LARCENY,2024-11-03,2130,7200 BEULAH ST,ALEXANDRIA,VA,22315
1,SERV-1,SERVICE - POLICE SERVICE,2024-11-03,2220,3700 PICASSO PL,CHANTILLY,VA,20151
1,ASSLT-13B-1,ASSAULT - SIMPLE; NOT AGGRAVATED,2024-11-03,2035,6500 LOISDALE CT,SPRINGFIELD,VA,22150
2,DRUNK-90Z-1,DRUNK - DRUNK/PROFANE IN PUBLIC,2024-11-03,2254,3600 BARCROFT VIEW TER,FALLS CHURCH,VA,22041
1,TRES-90J-6,TRESPASSING - OTHER,2024-11-03,2254,3600 BARCROFT VIEW TER,FALLS CHURCH,VA,22041
1,SUSP-1,SUSPICIOUS - EVENT,2024-11-03,2251,2600 ARLINGTON DR,ALEXANDRIA,VA,22306
1,SERV-1,SERVICE - POLICE SERVICE,2024-11-03,2320,5800 TRINITY PKWY,CENTREVILLE,VA,20120
2,DEST-290-2,DESTRUCTION - PRIVATE PROPERTY,2024-11-03,2323,1600 BEULAH RD,VIENNA,VA,22182
1,ASSLT-13B-1,ASSAULT - SIMPLE; NOT AGGRAVATED,2024-11-03,2323,1600 BEULAH RD,VIENNA,VA,22182
1,SERV-1,SERVICE - POLICE SERVICE,2024-11-03,2353,1900 CHAIN BRIDGE RD,MCLEAN,VA,22102
1,ASSLT-13B-1,ASSAULT - SIMPLE; NOT AGGRAVATED,2024-11-03,2310,7600 DEVRIES DR,LORTON,VA,22079
1,DEST-290-2,DESTRUCTION - PRIVATE PROPERTY,2024-11-03,2000,6600 HUNTSMAN BLVD,SPRINGFIELD,VA,22152
1,DEST-290-2,DESTRUCTION - PRIVATE PROPERTY,2024-11-03,0830,11900 MARKET ST,RESTON,VA,20190
1,BURG-220-3,BURGLARY/BREAKING AND ENTERING,2024-11-03,2240,3300 GLEN CARLYN RD,FALLS CHURCH,VA,22041
1,SERV-33,SERVICE - NON DMV REPORTABLE CRASH,2024-11-03,1450,13000 FAIR LAKES SHOPPING CTR,FAIRFAX,VA,22033
1,LARC-23-3,LARCENY - SHOPLIFTING,2024-11-03,1343,8600 RICHMOND HWY,ALEXANDRIA,VA,22309
1,LARC-23-3,LARCENY - SHOPLIFTING,2024-11-03,1127,8600 RICHMOND HWY,ALEXANDRIA,VA,22309
1,SUSP-1,SUSPICIOUS - EVENT,2024-11-03,1739,1600 WATERHAVEN DR,RESTON,VA,20190
1,SUSP-1,SUSPICIOUS - EVENT,2024-11-03,2130,8800 RICHMOND HWY,ALEXANDRIA,VA,22309
1,AUTO-240-4,AUTO THEFT - AUTOS,2024-11-03,1000,6000 PALLADIUM CT,ALEXANDRIA,VA,22315
1,FRAUD-26B-1,FRAUD - CREDIT CARD/AUTOMATED TELLER MACHINE FRAUD,2024-11-03,1700,1900 CHAIN BRIDGE RD,MCLEAN,VA,22102
1,SUSP-1,SUSPICIOUS - EVENT,2024-11-03,1343,4300 WILSON VALLEY DR,FAIRFAX,VA,22033
1,LARC-23-6,LARCENY - THEFT FROM MOTOR VEHICLE,2024-11-03,2000,3200 SYDENHAM ST,FAIRFAX,VA,22031
1,SERV-8,SERVICE - LOST/FOUND PROPERTY,2024-11-03,1830,1900 CHAIN BRIDGE RD,MCLEAN,VA,22102
1,SUSP-1,SUSPICIOUS - EVENT,2024-11-03,1930,2100 KINGS GARDEN WAY,FALLS CHURCH,VA,22043
1,SUSP-1,SUSPICIOUS - EVENT,2024-11-03,1913,10100 OAKWOOD CHASE CT,OAKTON,VA,22124
1,AUTO-240-4,AUTO THEFT - AUTOS,2024-11-03,1000,6600 WAKEFIELD DR,ALEXANDRIA,VA,22307
1,SUSP-1,SUSPICIOUS - EVENT,2024-11-03,2136,900 TOWLSTON RD,MCLEAN,VA,22102
1,ANML-90Z-6,ANIMAL - ANIMAL BITE - DOMESTIC,2024-11-03,0933,4300 LAMARRE DR,FAIRFAX,VA,22030
2,ANML-90Z-3,ANIMAL - LICENSE VIOLATION,2024-11-03,0933,4300 LAMARRE DR,FAIRFAX,VA,22030
3,ANML-90Z-2,ANIMAL - RABIES CERTIFICATE VIOLATION,2024-11-03,0933,4300 LAMARRE DR,FAIRFAX,VA,22030
1,ANML-90Z-6,ANIMAL - ANIMAL BITE - DOMESTIC,2024-11-03,1002,5800 BURKE MANOR CT,BURKE,VA,22015
1,LARC-23-7,LARCENY - THEFT OF MOTOR VEHICLE PARTS,2024-11-03,2200,7900 COLORADO SPRINGS DR,SPRINGFIELD,VA,22153
1,ASSLT-13B-1,ASSAULT - SIMPLE; NOT AGGRAVATED,2024-11-03,2120,900 TOWLSTON RD,MCLEAN,VA,22102
1,TRES-90J-1,TRESPASSING - PRIVATE PROPERTY,2024-11-03,2300,12500 SWEET LEAF TER,FAIRFAX,VA,22033
1,WEAP-520-3,WEAPONS - UNLAWFUL DISCHARGE/RECKLESS HANDLING,2024-11-04,0000,12100 MONUMENT DR,FAIRFAX,VA,22033
1,SUSP-1,SUSPICIOUS - EVENT,2024-11-04,0005,4200 SUMMIT CORNER DR,FAIRFAX,VA,22030
1,SERV-6,SERVICE - ANIMAL DESTROYED BY SERVICE WEAPON,2024-11-04,0115, OX RD / SOUTH RUN OAKS DR,FAIRFAX STATION,VA,22039
1,SUSP-1,SUSPICIOUS - EVENT,2024-11-04,0146,7600 LITTLE RIVER TPKE,ANNANDALE,VA,22003
1,ASSLT-13B-1,ASSAULT - SIMPLE; NOT AGGRAVATED,2024-11-04,0149,7900 AUDUBON AVE,ALEXANDRIA,VA,22306
1,TRES-90J-6,TRESPASSING - OTHER,2024-11-04,0101,13300 TANNERY CT,FAIRFAX,VA,22033
1,LARC-23-3,LARCENY - SHOPLIFTING,2024-11-04,0159,8400 FRYE RD,ALEXANDRIA,VA,22309
1,DRUG-35A-4,DRUGS - MARIJUANA POSSESSION,2024-11-04,0119,6100 BLUE GRASS DR,ALEXANDRIA,VA,22310
1,SERV-32,SERVICE - STOLEN AUTO RECOVERY OTHER JURISDICTION,2024-11-04,0200, BULL RUN POST OFFICE RD / COMPTON RD,CENTREVILLE,VA,20121
1,SERV-1,SERVICE - POLICE SERVICE,2024-11-04,0351,13800 BRADDOCK RD,CENTREVILLE,VA,20121
1,SUSP-2,SUSPICIOUS - PERSON,2024-11-04,0459,9100 NORTHEDGE DR,SPRINGFIELD,VA,22153
2,TRES-90J-1,TRESPASSING - PRIVATE PROPERTY,2024-11-04,0618,13000 ROUTE 50,FAIRFAX,VA,22033
1,LARC-23-3,LARCENY - SHOPLIFTING,2024-11-04,0618,13000 ROUTE 50,FAIRFAX,VA,22033
1,SUSP-2,SUSPICIOUS - PERSON,2024-11-04,0600,8500 LEESBURG PIKE,VIENNA,VA,22182
1,FRAUD-26C-1,FRAUD - IMPERSONATION,2024-11-04,0810,4700 COMMONS DR,ANNANDALE,VA,22003
1,SERV-29,SERVICE - DOMESTIC DISPUTE,2024-11-04,0752,7600 MCWHORTER PL,ANNANDALE,VA,22003
1,SERV-1,SERVICE - POLICE SERVICE,2024-11-04,0837,8400 MASTERS CT,ALEXANDRIA,VA,22308
1,FRAUD-26C-1,FRAUD - IMPERSONATION,2024-11-04,0841,2600 PROSPERITY AVE,FAIRFAX,VA,22031
1,AUTO-240-4,AUTO THEFT - AUTOS,2024-11-04,0829,6300 RICHMOND HWY,ALEXANDRIA,VA,22306
1,AUTO-240-4,AUTO THEFT - AUTOS,2024-11-04,0815, BURKE COMMONS CT / BURKE COMMONS RD,BURKE,VA,22015
1,FRAUD-26C-1,FRAUD - IMPERSONATION,2024-11-04,0924,13400 SUNRISE VALLEY DR,HERNDON,VA,20171
1,PARK-90Z-1,PARKING - INOPERATIVE/ABANDONED VEHICLE,2024-11-04,0859,3400 AUSTIN CT,ALEXANDRIA,VA,22310
1,ANML-3,ANIMAL - SERVICE - DOMESTIC,2024-11-04,0903, ARLINGTON BLVD / SUMMERFIELD RD,FALLS CHURCH,VA,22042
1,SERV-11,SERVICE - NATURAL DEATH,2024-11-04,0829,4700 MONTGOMERY ST,ANNANDALE,VA,22003
1,WARR-90Z-4,WARRANT - WARRANT SERVICE,2024-11-04,0904,11600 PLAZA AMERICA DR,RESTON,VA,20190
1,SERV-8,SERVICE - LOST/FOUND PROPERTY,2024-11-04,0959,8800 LORTON RD,LORTON,VA,22079
1,FRAUD-26C-1,FRAUD - IMPERSONATION,2024-11-04,1023,6400 HITT AVE,MCLEAN,VA,22101
1,FRAUD-26C-1,FRAUD - IMPERSONATION,2024-11-04,1044,4900 AMERICANA DR,ANNANDALE,VA,22003
1,TRES-90J-1,TRESPASSING - PRIVATE PROPERTY,2024-11-04,1038,13300 HOUND RUN DR,FAIRFAX,VA,22033
1,SERV-29,SERVICE - DOMESTIC DISPUTE,2024-11-04,1038,1000 DEWOLFE DR,ALEXANDRIA,VA,22308
1,FRAUD-26C-1,FRAUD - IMPERSONATION,2024-11-04,1109,3100 SOUTH MANCHESTER ST,FALLS CHURCH,VA,22044
1,ANML-90Z-3,ANIMAL - LICENSE VIOLATION,2024-11-04,1101,9500 OLD CREEK DR,FAIRFAX,VA,22032
2,ANML-90Z-6,ANIMAL - ANIMAL BITE - DOMESTIC,2024-11-04,1101,9500 OLD CREEK DR,FAIRFAX,VA,22032
1,TRES-90J-1,TRESPASSING - PRIVATE PROPERTY,2024-11-04,1003,8100 SILVERBROOK RD,LORTON,VA,22079
1,SERV-29,SERVICE - DOMESTIC DISPUTE,2024-11-04,1026,11400 LILTING LN,FAIRFAX STATION,VA,22039
1,SERV-29,SERVICE - DOMESTIC DISPUTE,2024-11-04,1038,7900 CHARLES THOMSON LN,ANNANDALE,VA,22003
1,PARK-90Z-1,PARKING - INOPERATIVE/ABANDONED VEHICLE,2024-11-04,0951, GROVETON GARDENS RD / LOCKHEED BLVD,ALEXANDRIA,VA,22306
1,PARK-90Z-1,PARKING - INOPERATIVE/ABANDONED VEHICLE,2024-11-04,0951, BEDROCK RD / FAIRFIELD CT,ALEXANDRIA,VA,22306
1,FRAUD-26A-1,FRAUD - FALSE PRETENSES/SWINDLE/CONFIDENCE GAME,2024-11-04,1143,13800 LEIGHFIELD ST,CHANTILLY,VA,20151
1,SERV-1,SERVICE - POLICE SERVICE,2024-11-04,1154,7400 ELGAR ST,SPRINGFIELD,VA,22151
1,ROB-120-5,ROBBERY - CARJACKING,2024-11-04,1103,7300 BOSTON BLVD,SPRINGFIELD,VA,22153
1,SERV-29,SERVICE - DOMESTIC DISPUTE,2024-11-04,1129,1800 OLD MEADOW RD,MCLEAN,VA,22102
1,TRES-90J-1,TRESPASSING - PRIVATE PROPERTY,2024-11-04,1148,5600 TOWER HILL CIR,ALEXANDRIA,VA,22315
1,LARC-23-9,LARCENY -  ALL OTHER LARCENY,2024-11-04,1151,7900 AUDUBON AVE,ALEXANDRIA,VA,22306
2,DRUG-35A-10,DRUGS - OTHER DANGEROUS DRUGS POSSESSION,2024-11-04,1151,7900 AUDUBON AVE,ALEXANDRIA,VA,22306
1,ANML-90Z-3,ANIMAL - LICENSE VIOLATION,2024-11-04,1144,13700 ROYAL RED TER,CHANTILLY,VA,20151
1,WARR-90Z-4,WARRANT - WARRANT SERVICE,2024-11-04,1053,6100 FRANCONIA RD,ALEXANDRIA,VA,22310
1,PARK-90Z-1,PARKING - INOPERATIVE/ABANDONED VEHICLE,2024-11-04,1208,3600 LOCKHEED BLVD,ALEXANDRIA,VA,22306
1,FRAUD-26A-1,FRAUD - FALSE PRETENSES/SWINDLE/CONFIDENCE GAME,2024-11-04,1248,9100 MILL CREEK LNDG,GREAT FALLS,VA,22066
1,LARC-23-9,LARCENY -  ALL OTHER LARCENY,2024-11-04,1231,1900 RESTON METRO PLZ,RESTON,VA,20190
1,PARK-90Z-1,PARKING - INOPERATIVE/ABANDONED VEHICLE,2024-11-04,1223, PATRICK HENRY DR / SQUIRES HILL DR,FALLS CHURCH,VA,22044
1,SERV-29,SERVICE - DOMESTIC DISPUTE,2024-11-04,1241,14300 JOHNNY MOORE CT,CENTREVILLE,VA,20120
1,ANML-90Z-3,ANIMAL - LICENSE VIOLATION,2024-11-04,0925,7000 BROCTON CT,SPRINGFIELD,VA,22150
2,ANML-90Z-1,ANIMAL - RUNNING AT LARGE/UNRESTRICTED,2024-11-04,0925,7000 BROCTON CT,SPRINGFIELD,VA,22150
1,WARR-90Z-4,WARRANT - WARRANT SERVICE,2024-11-04,1026,10700 RICHMOND HWY,LORTON,VA,22079
1,SUSP-1,SUSPICIOUS - EVENT,2024-11-04,1130,5400 SOUTHAMPTON DR,SPRINGFIELD,VA,22151
1,SERV-29,SERVICE - DOMESTIC DISPUTE,2024-11-04,1209,15200 BANNON HILL CT,CHANTILLY,VA,20151
1,LARC-23-3,LARCENY - SHOPLIFTING,2024-11-04,1248,1500 CORNERSIDE BLVD,VIENNA,VA,22182
1,SERV-29,SERVICE - DOMESTIC DISPUTE,2024-11-04,1300,2700 DORR AVE,FAIRFAX,VA,22031
1,SERV-8,SERVICE - LOST/FOUND PROPERTY,2024-11-04,1008,1800 CAMERON GLEN DR,RESTON,VA,20190
1,SERV-11,SERVICE - NATURAL DEATH,2024-11-04,1306,9100 BELVOIR WOODS PKWY,FORT BELVOIR,VA,22060
1,SERV-5,SERVICE - ANIMAL DESTROYED BY CHEMICAL,2024-11-04,1300,3000 FRANKLIN ST,ALEXANDRIA,VA,22306
1,TRES-90J-1,TRESPASSING - PRIVATE PROPERTY,2024-11-04,1323,7900 RICHMOND HWY,ALEXANDRIA,VA,22306
1,DRUG-35A-10,DRUGS - OTHER DANGEROUS DRUGS POSSESSION,2024-11-04,1243,6200 FLAT ROCK RD,ALEXANDRIA,VA,22310
1,SERV-1,SERVICE - POLICE SERVICE,2024-11-04,1341,6100 RICHMOND HWY,ALEXANDRIA,VA,22303
1,WEAP-520-9,WEAPONS - BRANDISHING,2024-11-04,1200,4500 SAHALEE CT,ALEXANDRIA,VA,22312
1,SERV-8,SERVICE - LOST/FOUND PROPERTY,2024-11-04,1223,7100 RICHMOND HWY,ALEXANDRIA,VA,22306
1,WARR-90Z-4,WARRANT - WARRANT SERVICE,2024-11-04,1321,12100 MONUMENT DR,FAIRFAX,VA,22033
1,FRAUD-26C-1,FRAUD - IMPERSONATION,2024-11-04,1413,8300 WHITE STAR CT,SPRINGFIELD,VA,22153
1,SERV-29,SERVICE - DOMESTIC DISPUTE,2024-11-04,1347,1400 BALLS HILL RD,MCLEAN,VA,22101
1,SERV-1,SERVICE - POLICE SERVICE,2024-11-04,1400,2100 VEENENDAAL CT,HERNDON,VA,20170
1,SERV-2,SERVICE - CIVIL DISPUTE,2024-11-04,1413,3300 WILLOW CRESCENT DR,FAIRFAX,VA,22030
1,WARR-90Z-4,WARRANT - WARRANT SERVICE,2024-11-04,1414,5700 BACKLICK RD,SPRINGFIELD,VA,22151
1,DISORD-90C-2,DISORDERLY - DISORDERLY CONDUCT,2024-11-04,1405,2400 CENTREVILLE RD,HERNDON,VA,20171
1,ASSLT-13C-3,THREATS - TELEPHONE THREATS/ABUSE/OBSCENE,2024-11-04,1314,2100 PIMMIT DR,FALLS CHURCH,VA,22043
1,ASSLT-13C-3,THREATS - TELEPHONE THREATS/ABUSE/OBSCENE,2024-11-04,1314,2100 PIMMIT DR,FALLS CHURCH,VA,22043
1,LARC-23-3,LARCENY - SHOPLIFTING,2024-11-04,1330,8900 OX RD,LORTON,VA,22079
1,SERV-1,SERVICE - POLICE SERVICE,2024-11-04,1432,1600 GREAT FALLS ST,MCLEAN,VA,22101
1,SERV-1,SERVICE - POLICE SERVICE,2024-11-04,1449, WESTFIELDS BLVD EB RAMP TO RT2,CHANTILLY,VA,20151
1,LARC-23-3,LARCENY - SHOPLIFTING,2024-11-04,1445,6300 SEVEN CORNERS CTR,FALLS CHURCH,VA,22044
1,LARC-23-3,LARCENY - SHOPLIFTING,2024-11-04,1548,5800 KINGSTOWNE BLVD,ALEXANDRIA,VA,22315
1,WARR-90Z-4,WARRANT - WARRANT SERVICE,2024-11-04,1540,4100 CHAIN BRIDGE RD,FAIRFAX,VA,22030
1,TRES-90J-1,TRESPASSING - PRIVATE PROPERTY,2024-11-04,1352,5700 BACKLICK RD,SPRINGFIELD,VA,22150
1,ASSLT-13B-1,ASSAULT - SIMPLE; NOT AGGRAVATED,2024-11-04,1609,13000 FAIR LAKES SHOPPING CTR,FAIRFAX,VA,22033
1,LARC-23-3,LARCENY - SHOPLIFTING,2024-11-04,1637,2000 INTERNATIONAL DR,MCLEAN,VA,22102
1,LARC-23-3,LARCENY - SHOPLIFTING,2024-11-04,1621,8300 LEESBURG PIKE,VIENNA,VA,22182
2,TRES-90J-1,TRESPASSING - PRIVATE PROPERTY,2024-11-04,1621,8300 LEESBURG PIKE,VIENNA,VA,22182
1,LARC-23-3,LARCENY - SHOPLIFTING,2024-11-04,1554,7700 BACKLICK RD,SPRINGFIELD,VA,22150
1,ASSLT-13B-1,ASSAULT - SIMPLE; NOT AGGRAVATED,2024-11-04,1430,7400 TOMCRIS CT,SPRINGFIELD,VA,22153
1,TELE-90Z-1,TELEPHONE - RECORD/INTERCPT/OTHER VIOLATION,2024-11-04,1533,5400 CHATSWORTH CT,FAIRFAX,VA,22032
1,SERV-11,SERVICE - NATURAL DEATH,2024-11-04,1600,5900 KINGSFORD RD,SPRINGFIELD,VA,22152
1,AUTO-240-4,AUTO THEFT - AUTOS,2024-11-04,1528,5600 BURKE CENTRE PKWY,BURKE,VA,22015
1,ANML-3,ANIMAL - SERVICE - DOMESTIC,2024-11-04,1703,1800 WESTMORELAND ST,MCLEAN,VA,22101
1,TRES-90J-1,TRESPASSING - PRIVATE PROPERTY,2024-11-04,1711,5700 SOUTH VAN DORN ST,ALEXANDRIA,VA,22310
1,SERV-29,SERVICE - DOMESTIC DISPUTE,2024-11-04,1737, LITTLE RIVER TPKE / WAKEFIELD CHAPEL RD,ANNANDALE,VA,22003
1,SERV-23,SERVICE - MISSING ADULT,2024-11-04,1706,7200 ARLINGTON BLVD,FALLS CHURCH,VA,22042
1,SUSP-1,SUSPICIOUS - EVENT,2024-11-04,1745,6700 RICHMOND HWY,ALEXANDRIA,VA,22306
1,LARC-23-9,LARCENY -  ALL OTHER LARCENY,2024-11-04,1625,14000 KEEPERS PARK,CENTREVILLE,VA,20121
1,LARC-23-3,LARCENY - SHOPLIFTING,2024-11-04,1747,13000 FAIR LAKES SHOPPING CTR,FAIRFAX,VA,22033
1,LARC-23-3,LARCENY - SHOPLIFTING,2024-11-04,1748,6100 ARLINGTON BLVD,FALLS CHURCH,VA,22044
1,DEST-290-2,DESTRUCTION - PRIVATE PROPERTY,2024-11-04,1723,2000 HILLSIDE DR,FALLS CHURCH,VA,22043
1,SERV-29,SERVICE - DOMESTIC DISPUTE,2024-11-04,1854,3500 ELLERY CIR,FALLS CHURCH,VA,22041
1,SERV-11,SERVICE - NATURAL DEATH,2024-11-04,1811,10200 ROBERTS COMMON LN,BURKE,VA,22015
1,LARC-23-9,LARCENY -  ALL OTHER LARCENY,2024-11-04,1940,1900 CHAIN BRIDGE RD,MCLEAN,VA,22102
1,LARC-23-3,LARCENY - SHOPLIFTING,2024-11-04,1823,6600 RICHMOND HWY,ALEXANDRIA,VA,22306
1,SERV-1,SERVICE - POLICE SERVICE,2024-11-04,1742,9600 BURKE LAKE RD,BURKE,VA,22015
1,ASSLT-13B-1,ASSAULT - SIMPLE; NOT AGGRAVATED,2024-11-04,1937,8600 VILLAGE WAY,ALEXANDRIA,VA,22309
1,SUSP-1,SUSPICIOUS - EVENT,2024-11-04,1720,10500 VALE RD,OAKTON,VA,22124
1,DEST-290-2,DESTRUCTION - PRIVATE PROPERTY,2024-11-04,1806,3100 CANTRELL LN,FAIRFAX,VA,22031
1,LARC-23-3,LARCENY - SHOPLIFTING,2024-11-04,1935,3400 SOUTH JEFFERSON ST,FALLS CHURCH,VA,22041
1,ASSLT-13C-3,THREATS - TELEPHONE THREATS/ABUSE/OBSCENE,2024-11-04,1836,7300 ROUTE 29,FALLS CHURCH,VA,22046
1,DEST-290-2,DESTRUCTION - PRIVATE PROPERTY,2024-11-04,1936,5300 GAINSBOROUGH DR,FAIRFAX,VA,22032
1,SERV-1,SERVICE - POLICE SERVICE,2024-11-04,1953, ARLINGTON BLVD / GRAHAM RD,FALLS CHURCH,VA,22042
1,SUSP-2,SUSPICIOUS - PERSON,2024-11-04,1941,11700 POTOMAC CROSSING WAY,FAIRFAX,VA,22030
1,SERV-2,SERVICE - CIVIL DISPUTE,2024-11-04,0900,1500 LINCOLN CIR,MCLEAN,VA,22102
1,LARC-23-3,LARCENY - SHOPLIFTING,2024-11-04,2006,1900 CHAIN BRIDGE RD,MCLEAN,VA,22102
1,WARR-90Z-4,WARRANT - WARRANT SERVICE,2024-11-04,1926,4900 TARHEEL WAY,ANNANDALE,VA,22003
1,SERV-11,SERVICE - NATURAL DEATH,2024-11-04,1841,1800 BROTHERS RD,VIENNA,VA,22182
1,LARC-23-3,LARCENY - SHOPLIFTING,2024-11-04,2030,7900 RICHMOND HWY,ALEXANDRIA,VA,22306
2,LARC-23-3,LARCENY - SHOPLIFTING,2024-11-04,2014,5700 COLUMBIA PIKE,FALLS CHURCH,VA,22041
1,ASSLT-13B-1,ASSAULT - SIMPLE; NOT AGGRAVATED,2024-11-04,2014,5700 COLUMBIA PIKE,FALLS CHURCH,VA,22041
1,LARC-23-3,LARCENY - SHOPLIFTING,2024-11-04,1937,11100 ROUTE 29,FAIRFAX,VA,22030
1,SERV-29,SERVICE - DOMESTIC DISPUTE,2024-11-04,1955,13900 ROUTE 50,CHANTILLY,VA,20151
1,LARC-23-3,LARCENY - SHOPLIFTING,2024-11-04,2035,7400 LITTLE RIVER TPKE,ANNANDALE,VA,22003
1,SERV-23,SERVICE - MISSING ADULT,2024-11-04,1905,13400 POINT PLEASANT DR,CHANTILLY,VA,20151
1,ASSLT-13B-1,ASSAULT - SIMPLE; NOT AGGRAVATED,2024-11-04,1907,13500 LEITH CT,CHANTILLY,VA,20151
1,SUSP-1,SUSPICIOUS - EVENT,2024-11-04,2103,6800 RIDGE WATER CT,CENTREVILLE,VA,20121
1,LARC-23-3,LARCENY - SHOPLIFTING,2024-11-04,2030,5800 CROSSROADS CTR,FALLS CHURCH,VA,22041
1,LARC-23-3,LARCENY - SHOPLIFTING,2024-11-04,2116,7900 RICHMOND HWY,ALEXANDRIA,VA,22306
1,SERV-1,SERVICE - POLICE SERVICE,2024-11-04,1731,2700 PEMBSLY DR,VIENNA,VA,22181
1,SERV-8,SERVICE - LOST/FOUND PROPERTY,2024-11-04,2043,2300 GLENDALE TER,ALEXANDRIA,VA,22303
1,ASSLT-13B-1,ASSAULT - SIMPLE; NOT AGGRAVATED,2024-11-04,1700,6700 JOSEPH EDGAR CT,ALEXANDRIA,VA,22310
2,WARR-90Z-4,WARRANT - WARRANT SERVICE,2024-11-04,1700,6700 JOSEPH EDGAR CT,ALEXANDRIA,VA,22310
1,ROB-120-7,ROBBERY - PERSON,2024-11-04,1830,1600 SILVER HILL DR,MCLEAN,VA,22102
1,ASSLT-13B-1,ASSAULT - SIMPLE; NOT AGGRAVATED,2024-11-04,2057,6700 JOSEPH EDGAR CT,ALEXANDRIA,VA,22310
1,SERV-29,SERVICE - DOMESTIC DISPUTE,2024-11-04,2119,12100 MONUMENT DR,FAIRFAX,VA,22033
1,ASSLT-13C-3,THREATS - TELEPHONE THREATS/ABUSE/OBSCENE,2024-11-04,2209,6200 GREELEY BLVD,SPRINGFIELD,VA,22152
1,SERV-1,SERVICE - POLICE SERVICE,2024-11-04,2229,6000 KNOLLWOOD DR,FALLS CHURCH,VA,22041
2,SERV-999,POLICE PHONE REPORT,2024-11-04,2300,6500 POTOMAC AVE,ALEXANDRIA,VA,22307
1,LARC-23-8,LARCENY - THEFT OF BICYCLES,2024-11-04,2205,2700 GALLOWS RD,VIENNA,VA,22180
1,ROB-120-7,ROBBERY - PERSON,2024-11-04,2210,4700 COMMONS DR,ANNANDALE,VA,22003
1,SERV-29,SERVICE - DOMESTIC DISPUTE,2024-11-04,2318,8200 ADENLEE AVE,FAIRFAX,VA,22031
1,SUSP-2,SUSPICIOUS - PERSON,2024-11-04,2323,2700 GALLOWS RD,VIENNA,VA,22180
1,WEAP-520-10,WEAPONS - SHOOT OR THROW MISSILE INTO BUILDING,2024-11-04,2258,4500 FLINTSTONE RD,ALEXANDRIA,VA,22306
1,DEST-290-2,DESTRUCTION - PRIVATE PROPERTY,2024-11-04,2300,8600 LEESBURG PIKE,VIENNA,VA,22182
1,LARC-23-9,LARCENY -  ALL OTHER LARCENY,2024-11-04,2345,10500 ROSEHAVEN ST,FAIRFAX,VA,22030
1,ASSLT-13B-1,ASSAULT - SIMPLE; NOT AGGRAVATED,2024-11-04,2305,6800 RICHMOND HWY,ALEXANDRIA,VA,22306
1,TRES-90J-1,TRESPASSING - PRIVATE PROPERTY,2024-11-04,2328,3000 GRAHAM RD,FALLS CHURCH,VA,22042
1,SERV-23,SERVICE - MISSING ADULT,2024-11-04,1857,1700 MARGIE DR,MCLEAN,VA,22101
1,BURG-220-3,BURGLARY/BREAKING AND ENTERING,2024-11-04,2130,6200 OLD DOMINION DR,MCLEAN,VA,22101
2,DEST-290-2,DESTRUCTION - PRIVATE PROPERTY,2024-11-04,2130,6200 OLD DOMINION DR,MCLEAN,VA,22101
1,SUSP-1,SUSPICIOUS - EVENT,2024-11-04,2130,14700 WILDFLOWER CT,CENTREVILLE,VA,20120
1,DEST-290-2,DESTRUCTION - PRIVATE PROPERTY,2024-11-04,1149,2500 FARMCREST DR,HERNDON,VA,20171
1,SUSP-1,SUSPICIOUS - EVENT,2024-11-04,1600,3200 JERMANTOWN RD,FAIRFAX,VA,22030
1,SERV-11,SERVICE - NATURAL DEATH,2024-11-04,2330,4500 MOUNT VERNON MEMORIAL HWY,ALEXANDRIA,VA,22309
1,LARC-23-6,LARCENY - THEFT FROM MOTOR VEHICLE,2024-11-04,2100,7900 SCHUYLER CT,ANNANDALE,VA,22003
1,ASSLT-13B-1,ASSAULT - SIMPLE; NOT AGGRAVATED,2024-11-04,2000,6400 PADDINGTON CT,CENTREVILLE,VA,20121
1,SUSP-1,SUSPICIOUS - EVENT,2024-11-04,1440,6100 STRASBURG DR,CENTREVILLE,VA,20121
1,ANML-90Z-6,ANIMAL - ANIMAL BITE - DOMESTIC,2024-11-04,1108,13100 MOSS RANCH LN,FAIRFAX,VA,22033
2,ANML-90Z-3,ANIMAL - LICENSE VIOLATION,2024-11-04,1108,13100 MOSS RANCH LN,FAIRFAX,VA,22033
1,LARC-23-9,LARCENY -  ALL OTHER LARCENY,2024-11-04,1700,3300 GALLOWS RD,FALLS CHURCH,VA,22042
1,ANML-90Z-6,ANIMAL - ANIMAL BITE - DOMESTIC,2024-11-04,1408,7000 STANFORD DR,ALEXANDRIA,VA,22307
1,LARC-23-4,LARCENY - THEFT FROM BUILDING,2024-11-04,1630,3400 CARLIN SPRINGS RD,FALLS CHURCH,VA,22041
1,SUSP-1,SUSPICIOUS - EVENT,2024-11-05,0021,4900 AMERICANA DR,ANNANDALE,VA,22003
1,SEX-90Z-2,SEX - OTHER NON-FORCIBLE SEX VIOLATION,2024-11-05,0049,8400 SKY VIEW DR,ALEXANDRIA,VA,22309
1,SERV-6,SERVICE - ANIMAL DESTROYED BY SERVICE WEAPON,2024-11-05,0104,14800 ROUTE 29,CENTREVILLE,VA,20121
1,ASSLT-13B-1,ASSAULT - SIMPLE; NOT AGGRAVATED,2024-11-05,0019,13700 SHREVE ST,CENTREVILLE,VA,20120
1,ASSLT-13B-1,ASSAULT - SIMPLE; NOT AGGRAVATED,2024-11-05,0117,7700 LEXTON PL,SPRINGFIELD,VA,22152
1,ASSLT-13B-1,ASSAULT - SIMPLE; NOT AGGRAVATED,2024-11-05,0100,2800 POAG ST,ALEXANDRIA,VA,22303
1,TRES-90J-1,TRESPASSING - PRIVATE PROPERTY,2024-11-05,0257,4500 WEYBURN DR,ANNANDALE,VA,22003
1,SERV-1,SERVICE - POLICE SERVICE,2024-11-05,0243,13000 FAIR LAKES SHOPPING CTR,FAIRFAX,VA,22033
1,BURG-220-3,BURGLARY/BREAKING AND ENTERING,2024-11-05,0345,6100 ARLINGTON BLVD,FALLS CHURCH,VA,22044
2,DEST-290-2,DESTRUCTION - PRIVATE PROPERTY,2024-11-05,0345,6100 ARLINGTON BLVD,FALLS CHURCH,VA,22044
1,LARC-23-6,LARCENY - THEFT FROM MOTOR VEHICLE,2024-11-05,0313,9500 CANONBURY SQ,FAIRFAX,VA,22031
1,SUSP-1,SUSPICIOUS - EVENT,2024-11-05,0418,3100 SOUTHGATE DR,ALEXANDRIA,VA,22306
2,SERV-37,SERVICE - MISSING JUVENILE,2024-11-05,0402,14000 VERONA LN,CENTREVILLE,VA,20120
1,FAM-90F-2,FAMILY - CONTRIBUTE TO DELINQUENCY OF MINOR,2024-11-05,0402,14000 VERONA LN,CENTREVILLE,VA,20120
1,DRUNK-90Z-1,DRUNK - DRUNK/PROFANE IN PUBLIC,2024-11-05,0019,13700 SHREVE ST,CENTREVILLE,VA,20120
1,ASSLT-13B-1,ASSAULT - SIMPLE; NOT AGGRAVATED,2024-11-05,0525,3800 SOUTH GEORGE MASON DR,FALLS CHURCH,VA,22041
2,WEAP-520-9,WEAPONS - BRANDISHING,2024-11-05,0525,3800 SOUTH GEORGE MASON DR,FALLS CHURCH,VA,22041
1,SERV-47,SERVICE - NON-FATAL OVERDOSE (NFO),2024-11-05,0640,11800 SUNRISE VALLEY DR,RESTON,VA,20191
1,SERV-6,SERVICE - ANIMAL DESTROYED BY SERVICE WEAPON,2024-11-05,0531, LITTLE OX RD / OX RD,FAIRFAX STATION,VA,22039
1,SERV-1,SERVICE - POLICE SERVICE,2024-11-05,0656,3200 WESTLEY RD,FALLS CHURCH,VA,22042
1,LARC-23-3,LARCENY - SHOPLIFTING,2024-11-05,0754,2400 CENTREVILLE RD,HERNDON,VA,20171
2,TRES-90J-1,TRESPASSING - PRIVATE PROPERTY,2024-11-05,0754,2400 CENTREVILLE RD,HERNDON,VA,20171
1,TRES-90J-1,TRESPASSING - PRIVATE PROPERTY,2024-11-05,0826,4300 WEDGEWOOD DR,ANNANDALE,VA,22003
1,TRES-90J-7,TRESPASSING - UNLAWFUL ENTRY,2024-11-05,0836,3300 SOUTHGATE DR,ALEXANDRIA,VA,22306
1,TRES-90J-1,TRESPASSING - PRIVATE PROPERTY,2024-11-05,0819, MALEADY DR / VEENENDAAL CT,HERNDON,VA,20170
1,TRES-90J-1,TRESPASSING - PRIVATE PROPERTY,2024-11-05,0836,3300 SOUTHGATE DR,ALEXANDRIA,VA,22306
1,SUSP-2,SUSPICIOUS - PERSON,2024-11-05,0826,11800 SUNRISE VALLEY DR,RESTON,VA,20191
1,SERV-2,SERVICE - CIVIL DISPUTE,2024-11-05,0851,5900 ROBERTS COMMON CT,BURKE,VA,22015
1,ASSLT-13B-1,ASSAULT - SIMPLE; NOT AGGRAVATED,2024-11-05,0932,13000 FAIR LAKES SHOPPING CTR,FAIRFAX,VA,22033
2,TRES-90J-1,TRESPASSING - PRIVATE PROPERTY,2024-11-05,0932,13000 FAIR LAKES SHOPPING CTR,FAIRFAX,VA,22033
1,ASSLT-13B-1,ASSAULT - SIMPLE; NOT AGGRAVATED,2024-11-05,0914,4500 UNIVERSITY DR,FAIRFAX,VA,22030
1,ASSLT-13B-1,ASSAULT - SIMPLE; NOT AGGRAVATED,2024-11-05,0910,11400 ORCHARD LN,RESTON,VA,20190
1,OTHER-90Z-3,OTHER OFFENSE - AGAINST SOCIETY,2024-11-05,0907,5500 SULLY PARK DR,CENTREVILLE,VA,20120
1,LARC-23-6,LARCENY - THEFT FROM MOTOR VEHICLE,2024-11-05,0100,5100 BRITTNEY ELYSE CIR,CENTREVILLE,VA,20120
1,AUTO-240-4,AUTO THEFT - AUTOS,2024-11-05,0607,1400 MAYHURST BLVD,MCLEAN,VA,22102
1,SERV-33,SERVICE - NON DMV REPORTABLE CRASH,2024-11-05,1010, ,,,
1,SERV-1,SERVICE - POLICE SERVICE,2024-11-05,1023,12400 HAYES CT,FAIRFAX,VA,22033
1,SUSP-4,SUSPICIOUS - NOISE,2024-11-05,1020, JANNA LEE AVE / TAMARIND ST,ALEXANDRIA,VA,22309
1,LARC-23-3,LARCENY - SHOPLIFTING,2024-11-05,1009,8600 RICHMOND HWY,ALEXANDRIA,VA,22309
1,WARR-90Z-4,WARRANT - WARRANT SERVICE,2024-11-05,1100,10500 JUDICIAL DR,FAIRFAX,VA,22030
1,SERV-1,SERVICE - POLICE SERVICE,2024-11-05,0900,3600 MALIBU CIR,FALLS CHURCH,VA,22041
1,AUTO-240-4,AUTO THEFT - AUTOS,2024-11-05,1058,6100 GREENWOOD DR,FALLS CHURCH,VA,22044
1,FRAUD-26A-1,FRAUD - FALSE PRETENSES/SWINDLE/CONFIDENCE GAME,2024-11-05,1041,2900 CHAIN BRIDGE RD,OAKTON,VA,22124
2,TRES-90J-1,TRESPASSING - PRIVATE PROPERTY,2024-11-05,1108,6000 RICHMOND HWY,ALEXANDRIA,VA,22303
1,DRUG-35A-13,DRUGS - OTHER,2024-11-05,1108,6000 RICHMOND HWY,ALEXANDRIA,VA,22303
1,SERV-5,SERVICE - ANIMAL DESTROYED BY CHEMICAL,2024-11-05,1130,4800 MUDDLER WAY,FAIRFAX,VA,22030
1,ANML-90Z-1,ANIMAL - RUNNING AT LARGE/UNRESTRICTED,2024-11-05,1153,6800 RIDGEWAY DR,SPRINGFIELD,VA,22150
1,SERV-8,SERVICE - LOST/FOUND PROPERTY,2024-11-05,1152,6100 ROLLING RD,SPRINGFIELD,VA,22152
1,LARC-23-3,LARCENY - SHOPLIFTING,2024-11-05,1201,6000 BURKE COMMONS RD,BURKE,VA,22015
3,SUSP-2,SUSPICIOUS - PERSON,2024-11-05,1105,6300 LEESBURG PIKE,FALLS CHURCH,VA,22044
1,PUB-90Z-6,PUBLIC SAFETY - OBSTRUCTION OF JUSTICE,2024-11-05,1105,6300 LEESBURG PIKE,FALLS CHURCH,VA,22044
2,WARR-90Z-4,WARRANT - WARRANT SERVICE,2024-11-05,1105,6300 LEESBURG PIKE,FALLS CHURCH,VA,22044
1,SERV-29,SERVICE - DOMESTIC DISPUTE,2024-11-05,1223,8000 PANTANO PL,ALEXANDRIA,VA,22309
1,DISORD-90C-2,DISORDERLY - DISORDERLY CONDUCT,2024-11-05,1218,6000 HANOVER AVE,SPRINGFIELD,VA,22150
1,LARC-23-6,LARCENY - THEFT FROM MOTOR VEHICLE,2024-11-05,1139,6400 LINCOLNIA RD,FALLS CHURCH,VA,22041
1,SERV-8,SERVICE - LOST/FOUND PROPERTY,2024-11-05,1058,7900 RICHMOND HWY,ALEXANDRIA,VA,22306
1,ASSLT-13A-1,ASSAULT - AGGRAVATED,2024-11-05,1220,8200 GUNSTON CORNER LN,LORTON,VA,22079
1,ASSLT-13B-1,ASSAULT - SIMPLE; NOT AGGRAVATED,2024-11-05,1208,2300 DULLES STATION BLVD,HERNDON,VA,20171
1,SERV-29,SERVICE - DOMESTIC DISPUTE,2024-11-05,1232,6200 PARKHILL DR,ALEXANDRIA,VA,22312
1,SERV-1,SERVICE - POLICE SERVICE,2024-11-05,1258, FORT HUNT RD / QUANDER RD,ALEXANDRIA,VA,22307
1,SERV-1,SERVICE - POLICE SERVICE,2024-11-05,1300,3700 SOUTH GEORGE MASON DR,FALLS CHURCH,VA,22041
1,LARC-23-9,LARCENY -  ALL OTHER LARCENY,2024-11-05,1300,6600 RICHMOND HWY,ALEXANDRIA,VA,22306
1,DEST-290-2,DESTRUCTION - PRIVATE PROPERTY,2024-11-05,1340,7900 RICHMOND HWY,ALEXANDRIA,VA,22306
1,ANML-90Z-3,ANIMAL - LICENSE VIOLATION,2024-11-05,1307,2800 LIBERTY AVE,FALLS CHURCH,VA,22042
2,ANML-90Z-2,ANIMAL - RABIES CERTIFICATE VIOLATION,2024-11-05,1307,2800 LIBERTY AVE,FALLS CHURCH,VA,22042
3,ANML-90Z-1,ANIMAL - RUNNING AT LARGE/UNRESTRICTED,2024-11-05,1307,2800 LIBERTY AVE,FALLS CHURCH,VA,22042
1,ASSLT-13B-1,ASSAULT - SIMPLE; NOT AGGRAVATED,2024-11-05,1339,2900 DISTRICT AVE,FAIRFAX,VA,22031
1,SERV-1,SERVICE - POLICE SERVICE,2024-11-05,1327,1900 CHAIN BRIDGE RD,MCLEAN,VA,22102
1,ANML-3,ANIMAL - SERVICE - DOMESTIC,2024-11-05,1306,6000 RICHMOND HWY,ALEXANDRIA,VA,22303
1,WARR-90Z-4,WARRANT - WARRANT SERVICE,2024-11-05,1408,6700 WILSON BLVD,FALLS CHURCH,VA,22044
1,SERV-1,SERVICE - POLICE SERVICE,2024-11-05,1325,5800 OX RD,FAIRFAX STATION,VA,22015
1,SERV-33,SERVICE - NON DMV REPORTABLE CRASH,2024-11-05,1446,1600 WASHINGTON PLZ,RESTON,VA,20190
1,SERV-33,SERVICE - NON DMV REPORTABLE CRASH,2024-11-05,1000,12300 ROUTE 50,FAIRFAX,VA,22033
1,DISORD-90C-2,DISORDERLY - DISORDERLY CONDUCT,2024-11-05,1400,6100 ROLLING RD,SPRINGFIELD,VA,22152
1,SERV-1,SERVICE - POLICE SERVICE,2024-11-05,1437,9300 CROSSPOINTE DR,FAIRFAX STATION,VA,22039
2,SERV-999,POLICE PHONE REPORT,2024-11-05,1437,9300 CROSSPOINTE DR,FAIRFAX STATION,VA,22039
1,DEST-290-7,DESTRUCTION - GRAFFITI,2024-11-05,1453,5600 OX RD,FAIRFAX STATION,VA,22039
1,TRES-90J-1,TRESPASSING - PRIVATE PROPERTY,2024-11-05,1543,8400 LEESBURG PIKE,VIENNA,VA,22182
1,LARC-23-3,LARCENY - SHOPLIFTING,2024-11-05,1529,2900 DISTRICT AVE,FAIRFAX,VA,22031
1,SERV-1,SERVICE - POLICE SERVICE,2024-11-05,1309,7600 RICHMOND HWY,ALEXANDRIA,VA,22306
1,LARC-23-9,LARCENY -  ALL OTHER LARCENY,2024-11-05,1535,4500 WEST OX RD,FAIRFAX,VA,22030
1,ANML-90Z-1,ANIMAL - RUNNING AT LARGE/UNRESTRICTED,2024-11-05,1548,4500 STRINGFELLOW RD,FAIRFAX,VA,22033
2,ANML-90Z-3,ANIMAL - LICENSE VIOLATION,2024-11-05,1548,4500 STRINGFELLOW RD,FAIRFAX,VA,22033
3,ANML-90Z-6,ANIMAL - ANIMAL BITE - DOMESTIC,2024-11-05,1548,4500 STRINGFELLOW RD,FAIRFAX,VA,22033
1,SUSP-1,SUSPICIOUS - EVENT,2024-11-05,1616, FAIR RIDGE DR / ROUTE 50,FAIRFAX,VA,22033
1,LARC-23-3,LARCENY - SHOPLIFTING,2024-11-05,1617,1900 CHAIN BRIDGE RD,MCLEAN,VA,22102
1,LARC-23-3,LARCENY - SHOPLIFTING,2024-11-05,1617,1900 CHAIN BRIDGE RD,MCLEAN,VA,22102
1,LARC-23-3,LARCENY - SHOPLIFTING,2024-11-05,1632,2900 DISTRICT AVE,FAIRFAX,VA,22031
1,SERV-29,SERVICE - DOMESTIC DISPUTE,2024-11-05,1551, HUNTER MURPHY CIR / SHANNONS GREEN WAY,ALEXANDRIA,VA,22309
1,DRUNK-90Z-1,DRUNK - DRUNK/PROFANE IN PUBLIC,2024-11-05,1630, CATALPA CT / SOAPSTONE DR,RESTON,VA,20191
1,SERV-29,SERVICE - DOMESTIC DISPUTE,2024-11-05,1621,12000 TOWN SQUARE ST,RESTON,VA,20190
1,SERV-1,SERVICE - POLICE SERVICE,2024-11-05,1527,2700 GALLOWS RD,VIENNA,VA,22180
1,SERV-1,SERVICE - POLICE SERVICE,2024-11-05,1604,6400 MARYVIEW ST,ALEXANDRIA,VA,22310
1,SERV-29,SERVICE - DOMESTIC DISPUTE,2024-11-05,1633,10200 ASHBROOKE CT,OAKTON,VA,22124
1,LARC-23-4,LARCENY - THEFT FROM BUILDING,2024-11-05,1635,3000 NUTLEY ST,FAIRFAX,VA,22031
1,LARC-23-3,LARCENY - SHOPLIFTING,2024-11-05,1643,4800 BEAUREGARD ST,ALEXANDRIA,VA,22312
1,SERV-29,SERVICE - DOMESTIC DISPUTE,2024-11-05,1606,2000 WETHERSFIELD CT,RESTON,VA,20191
1,SUSP-1,SUSPICIOUS - EVENT,2024-11-05,1641,2900 PEYTON RANDOLPH DR,FALLS CHURCH,VA,22044
1,SERV-29,SERVICE - DOMESTIC DISPUTE,2024-11-05,1652,10400 FAIRFAX VILLAGE DR,FAIRFAX,VA,22030
1,SERV-29,SERVICE - DOMESTIC DISPUTE,2024-11-05,1721,7900 JANNA LEE AVE,ALEXANDRIA,VA,22306
1,SERV-29,SERVICE - DOMESTIC DISPUTE,2024-11-05,1609,7700 LEXTON PL,SPRINGFIELD,VA,22152
1,SERV-29,SERVICE - DOMESTIC DISPUTE,2024-11-05,1710,15200 SURREY HOUSE WAY,CENTREVILLE,VA,20120
1,LARC-23-9,LARCENY -  ALL OTHER LARCENY,2024-11-05,1630,1900 OLD GALLOWS RD,VIENNA,VA,22182
1,LARC-23-3,LARCENY - SHOPLIFTING,2024-11-05,1746,6100 ROSE HILL DR,ALEXANDRIA,VA,22310
1,LARC-23-3,LARCENY - SHOPLIFTING,2024-11-05,1657,7700 GUNSTON PLZ,LORTON,VA,22199
1,SERV-1,SERVICE - POLICE SERVICE,2024-11-05,1720,4300 PLEASANT VALLEY RD,CHANTILLY,VA,20151
1,SERV-8,SERVICE - LOST/FOUND PROPERTY,2024-11-05,1859,11200 JAMES SWART CIR,FAIRFAX,VA,22030
1,LARC-23-3,LARCENY - SHOPLIFTING,2024-11-05,1850,9500 OLD KEENE MILL RD,BURKE,VA,22015
1,ASSLT-13C-3,THREATS - TELEPHONE THREATS/ABUSE/OBSCENE,2024-11-05,1804,3300 SOUTHGATE DR,ALEXANDRIA,VA,22306
1,LARC-23-9,LARCENY -  ALL OTHER LARCENY,2024-11-05,1834,7600 OX RD,FAIRFAX STATION,VA,22039
1,LARC-23-3,LARCENY - SHOPLIFTING,2024-11-05,1708,1500 CORNERSIDE BLVD,VIENNA,VA,22182
1,SUSP-1,SUSPICIOUS - EVENT,2024-11-05,1906,9400 LORTON MARKET ST,LORTON,VA,22079
1,SERV-11,SERVICE - NATURAL DEATH,2024-11-05,1834,7200 GILES PL,SPRINGFIELD,VA,22150
1,ASSLT-13B-1,ASSAULT - SIMPLE; NOT AGGRAVATED,2024-11-05,1820,3600 PROSPERITY AVE,FAIRFAX,VA,22031
1,SUSP-2,SUSPICIOUS - PERSON,2024-11-05,1530,1900 CHAIN BRIDGE RD,MCLEAN,VA,22102
1,ANML-90Z-6,ANIMAL - ANIMAL BITE - DOMESTIC,2024-11-05,1900,6900 MARY CAROLINE CIR,ALEXANDRIA,VA,22310
1,LARC-23-3,LARCENY - SHOPLIFTING,2024-11-05,1945,1900 CHAIN BRIDGE RD,MCLEAN,VA,22102
1,SUSP-1,SUSPICIOUS - EVENT,2024-11-05,1918,4900 BEAUREGARD ST,ALEXANDRIA,VA,22312
1,SERV-2,SERVICE - CIVIL DISPUTE,2024-11-05,1925,6700 TOWER DR,ALEXANDRIA,VA,22306
1,ANML-90Z-1,ANIMAL - RUNNING AT LARGE/UNRESTRICTED,2024-11-05,1947,11400 VALE SPRING DR,OAKTON,VA,22124
1,SERV-29,SERVICE - DOMESTIC DISPUTE,2024-11-05,1920,1500 SPRING GATE DR,MCLEAN,VA,22102
1,SERV-29,SERVICE - DOMESTIC DISPUTE,2024-11-05,1932,11700 GREAT OWL CIR,RESTON,VA,20194
1,ANML-3,ANIMAL - SERVICE - DOMESTIC,2024-11-05,1947,3400 ARNOLD LN,FALLS CHURCH,VA,22042
1,ASSLT-13B-1,ASSAULT - SIMPLE; NOT AGGRAVATED,2024-11-05,1907,11000 BECONTREE LAKE DR,RESTON,VA,20190
2,WEAP-520-9,WEAPONS - BRANDISHING,2024-11-05,1907,11000 BECONTREE LAKE DR,RESTON,VA,20190
1,ANML-3,ANIMAL - SERVICE - DOMESTIC,2024-11-05,2009, I95 / RICHMOND HWY,ALEXANDRIA,VA,
1,LARC-23-3,LARCENY - SHOPLIFTING,2024-11-05,2001,13000 FAIR LAKES SHOPPING CTR,FAIRFAX,VA,22033
1,BURG-220-3,BURGLARY/BREAKING AND ENTERING,2024-11-05,1640,1000 SILENT RIDGE CT,MCLEAN,VA,22102
2,DEST-290-2,DESTRUCTION - PRIVATE PROPERTY,2024-11-05,1640,1000 SILENT RIDGE CT,MCLEAN,VA,22102
1,ASSLT-13B-1,ASSAULT - SIMPLE; NOT AGGRAVATED,2024-11-05,2037,6700 RICHMOND HWY,ALEXANDRIA,VA,22306
1,ASSLT-13B-1,ASSAULT - SIMPLE; NOT AGGRAVATED,2024-11-05,1954,2900 DISTRICT AVE,FAIRFAX,VA,22031
1,ANML-3,ANIMAL - SERVICE - DOMESTIC,2024-11-05,2015,6000 SWEET OAK CT,SPRINGFIELD,VA,22152
3,DRUNK-90Z-1,DRUNK - DRUNK/PROFANE IN PUBLIC,2024-11-05,2050,7200 ARLINGTON BLVD,FALLS CHURCH,VA,22042
2,TRES-90J-1,TRESPASSING - PRIVATE PROPERTY,2024-11-05,2050,7200 ARLINGTON BLVD,FALLS CHURCH,VA,22042
1,LARC-23-3,LARCENY - SHOPLIFTING,2024-11-05,2050,7200 ARLINGTON BLVD,FALLS CHURCH,VA,22042
1,TRES-90J-1,TRESPASSING - PRIVATE PROPERTY,2024-11-05,2003,13300 CONNOR DR,CENTREVILLE,VA,20120
1,LARC-23-9,LARCENY -  ALL OTHER LARCENY,2024-11-05,1700,6200 BACKLICK RD,SPRINGFIELD,VA,22150
1,SERV-33,SERVICE - NON DMV REPORTABLE CRASH,2024-11-05,2050,1600 DAVIDSON RD,MCLEAN,VA,22101
1,ASSLT-13B-1,ASSAULT - SIMPLE; NOT AGGRAVATED,2024-11-05,2059,2500 PARKERS LN,ALEXANDRIA,VA,22306
2,ROB-120-7,ROBBERY - PERSON,2024-11-05,1930,3000 PATRICK HENRY DR,FALLS CHURCH,VA,22044
2,ROB-120-7,ROBBERY - PERSON,2024-11-05,2000,6000 ARLINGTON BLVD,FALLS CHURCH,VA,22044
1,ABDCT-100-1,ABDUCTION - KIDNAPPING/ABDUCTION,2024-11-05,2000,6000 ARLINGTON BLVD,FALLS CHURCH,VA,22044
1,SERV-29,SERVICE - DOMESTIC DISPUTE,2024-11-05,2214,6100 LEESBURG PIKE,FALLS CHURCH,VA,22044
1,LARC-23-3,LARCENY - SHOPLIFTING,2024-11-05,2025,7400 LITTLE RIVER TPKE,ANNANDALE,VA,22003
1,SERV-1,SERVICE - POLICE SERVICE,2024-11-05,2212,5800 HIGH BLUFF CT,BURKE,VA,22015
1,SERV-29,SERVICE - DOMESTIC DISPUTE,2024-11-05,2239,6000 ROCK CLIFF LN,ALEXANDRIA,VA,22315
1,LARC-23-4,LARCENY - THEFT FROM BUILDING,2024-11-05,2030,6200 ARLINGTON BLVD,FALLS CHURCH,VA,22044
1,SERV-1,SERVICE - POLICE SERVICE,2024-11-05,2230,12600 WATER ST,CLIFTON,VA,20124
1,SERV-37,SERVICE - MISSING JUVENILE,2024-11-05,2220,7000 RHODEN CT,SPRINGFIELD,VA,22151
1,ASSLT-13B-1,ASSAULT - SIMPLE; NOT AGGRAVATED,2024-11-05,2326,3100 FURMAN LN,ALEXANDRIA,VA,22306
1,SERV-29,SERVICE - DOMESTIC DISPUTE,2024-11-05,2312,2500 FARMCREST DR,HERNDON,VA,20171
1,ASSLT-13A-1,ASSAULT - AGGRAVATED,2024-11-05,2237,12500 SUMMIT MANOR DR,FAIRFAX,VA,22033
1,SERV-33,SERVICE - NON DMV REPORTABLE CRASH,2024-11-05,2343,10500 JUDICIAL DR,FAIRFAX,VA,22030
1,SERV-37,SERVICE - MISSING JUVENILE,2024-11-05,2247,7800 LIBERTY SPRINGS CIR,ALEXANDRIA,VA,22306
1,SERV-29,SERVICE - DOMESTIC DISPUTE,2024-11-05,2100,2500 FARMCREST DR,HERNDON,VA,20171
1,SERV-29,SERVICE - DOMESTIC DISPUTE,2024-11-05,2255,8000 OLD KEENE MILL RD,SPRINGFIELD,VA,22152
1,WARR-90Z-4,WARRANT - WARRANT SERVICE,2024-11-05,2258,12300 TOWNCENTER PLZ,STERLING,VA,20170
1,SERV-1,SERVICE - POLICE SERVICE,2024-11-05,2253,3300 GALLOWS RD,FALLS CHURCH,VA,22042
1,ROB-120-7,ROBBERY - PERSON,2024-11-05,2200,7400 LITTLE RIVER TPKE,ANNANDALE,VA,22003
1,SERV-29,SERVICE - DOMESTIC DISPUTE,2024-11-05,2200,14800 SMETHWICK PL,CENTREVILLE,VA,20120
1,LARC-23-3,LARCENY - SHOPLIFTING,2024-11-05,1809,8400 OLD KEENE MILL RD,SPRINGFIELD,VA,22152
2,DEST-290-2,DESTRUCTION - PRIVATE PROPERTY,2024-11-05,2030,8900 SINGLELEAF CIR,LORTON,VA,22079
1,LARC-23-7,LARCENY - THEFT OF MOTOR VEHICLE PARTS,2024-11-05,2030,8900 SINGLELEAF CIR,LORTON,VA,22079
1,LARC-23-9,LARCENY -  ALL OTHER LARCENY,2024-11-05,1730,4600 GREEN SPRING RD,ALEXANDRIA,VA,22312
1,LARC-23-7,LARCENY - THEFT OF MOTOR VEHICLE PARTS,2024-11-05,1800,5700 METROVIEW PKWY,ALEXANDRIA,VA,22303
2,DEST-290-2,DESTRUCTION - PRIVATE PROPERTY,2024-11-05,1800,5700 METROVIEW PKWY,ALEXANDRIA,VA,22303
1,LARC-23-9,LARCENY -  ALL OTHER LARCENY,2024-11-05,1630,7900 TYSONS ONE PL,MCLEAN,VA,22102
1,LARC-23-7,LARCENY - THEFT OF MOTOR VEHICLE PARTS,2024-11-05,2000,13000 LAUREL TREE LN,HERNDON,VA,20171
1,AUTO-240-4,AUTO THEFT - AUTOS,2024-11-05,2200,12900 HIGHLAND CROSSING DR,HERNDON,VA,20171
1,TAMP-290-3,TAMPERING - AUTO/TRUCK/OTHER VEHICLE,2024-11-05,2030,7800 LEWIS CHAPEL CIR,LORTON,VA,22079
1,SERV-11,SERVICE - NATURAL DEATH,2024-11-05,2200,6800 COLBURN DR,ANNANDALE,VA,22003
1,LARC-23-3,LARCENY - SHOPLIFTING,2024-11-05,1702,6600 SPRINGFIELD MALL,SPRINGFIELD,VA,22150
1,ASSLT-13C-3,THREATS - TELEPHONE THREATS/ABUSE/OBSCENE,2024-11-05,1030,10700 PARKRIDGE BLVD,RESTON,VA,20191
1,DEST-290-2,DESTRUCTION - PRIVATE PROPERTY,2024-11-05,2015, FIELD ENCAMPMENT RD / SAINT GERMAIN DR,CENTREVILLE,VA,20121
1,ANML-90Z-6,ANIMAL - ANIMAL BITE - DOMESTIC,2024-11-05,1254,1000 KNIGHT LN,HERNDON,VA,20170
1,LARC-23-3,LARCENY - SHOPLIFTING,2024-11-05,1844,9500 OLD KEENE MILL RD,BURKE,VA,22015
1,SUSP-1,SUSPICIOUS - EVENT,2024-11-05,2000,3000 CASTLE RD,FALLS CHURCH,VA,22044
2,DEST-290-2,DESTRUCTION - PRIVATE PROPERTY,2024-11-05,2100,8800 WESTERN HEMLOCK WAY,LORTON,VA,22079
1,LARC-23-7,LARCENY - THEFT OF MOTOR VEHICLE PARTS,2024-11-05,2100,8800 WESTERN HEMLOCK WAY,LORTON,VA,22079
1,SERV-1,SERVICE - POLICE SERVICE,2024-11-05,0900,3600 PERSIMMON CIR,FAIRFAX,VA,22031
1,SUSP-2,SUSPICIOUS - PERSON,2024-11-05,1840,2300 ALBOT RD,RESTON,VA,20191
1,LARC-23-7,LARCENY - THEFT OF MOTOR VEHICLE PARTS,2024-11-05,1600,8000 PAPER BIRCH DR,LORTON,VA,22079
2,DEST-290-2,DESTRUCTION - PRIVATE PROPERTY,2024-11-05,1900,9200 CARDINAL FOREST LN,LORTON,VA,22079
1,LARC-23-7,LARCENY - THEFT OF MOTOR VEHICLE PARTS,2024-11-05,1900,9200 CARDINAL FOREST LN,LORTON,VA,22079
1,LARC-23-6,LARCENY - THEFT FROM MOTOR VEHICLE,2024-11-05,1400,6900 INLET COVE DR,FORT BELVOIR,VA,22060
1,LARC-23-3,LARCENY - SHOPLIFTING,2024-11-05,1938,12100 SUNSET HILLS RD,RESTON,VA,20190
1,SUSP-1,SUSPICIOUS - EVENT,2024-11-05,0730,10300 REIN COMMONS CT,BURKE,VA,22015
1,DEST-290-2,DESTRUCTION - PRIVATE PROPERTY,2024-11-06,0023,9400 MOOREGATE CT,LORTON,VA,22079
1,SERV-29,SERVICE - DOMESTIC DISPUTE,2024-11-06,0027,6000 BRANDON AVE,SPRINGFIELD,VA,22150
1,ASSLT-13B-1,ASSAULT - SIMPLE; NOT AGGRAVATED,2024-11-06,0105, GORDON BLVD / XXOUTLET,FAIRFAX,VA,22079
1,SUSP-1,SUSPICIOUS - EVENT,2024-11-06,0123,5900 DINWIDDIE ST,SPRINGFIELD,VA,22150
1,SERV-2,SERVICE - CIVIL DISPUTE,2024-11-06,0140,12900 KATHERINE HANLEY CT,FAIRFAX,VA,22030
1,SERV-29,SERVICE - DOMESTIC DISPUTE,2024-11-06,0150,13200 LEAFCREST LN,FAIRFAX,VA,22033
1,WARR-90Z-4,WARRANT - WARRANT SERVICE,2024-11-06,0236,8500 RICHMOND HWY,ALEXANDRIA,VA,22309
1,DRUNK-90Z-1,DRUNK - DRUNK/PROFANE IN PUBLIC,2024-11-06,0123,4300 CHANTILLY SHOPPING CTR,CHANTILLY,VA,20151
1,WARR-90Z-4,WARRANT - WARRANT SERVICE,2024-11-06,0057,11500 NORTH SHORE DR,RESTON,VA,20190
1,ANML-90Z-1,ANIMAL - RUNNING AT LARGE/UNRESTRICTED,2024-11-06,0232,5900 NORTH KINGS HWY,ALEXANDRIA,VA,22303
1,SERV-6,SERVICE - ANIMAL DESTROYED BY SERVICE WEAPON,2024-11-06,0401, BRADDOCK RD / OLD LEE RD,CENTREVILLE,VA,20151
1,DRUNK-90Z-1,DRUNK - DRUNK/PROFANE IN PUBLIC,2024-11-06,0320, HIGHLAND AVE / TURNER AVE,FAIRFAX,VA,22043
1,LARC-23-7,LARCENY - THEFT OF MOTOR VEHICLE PARTS,2024-11-06,0414,2400 MASONS FERRY DR,HERNDON,VA,20171
1,LARC-23-7,LARCENY - THEFT OF MOTOR VEHICLE PARTS,2024-11-06,0414,2400 MASONS FERRY DR,HERNDON,VA,20171
1,LARC-23-7,LARCENY - THEFT OF MOTOR VEHICLE PARTS,2024-11-06,0414,2400 MASONS FERRY DR,HERNDON,VA,20171
1,LARC-23-7,LARCENY - THEFT OF MOTOR VEHICLE PARTS,2024-11-06,0414,2400 MASONS FERRY DR,HERNDON,VA,20171
1,ASSLT-13B-1,ASSAULT - SIMPLE; NOT AGGRAVATED,2024-11-06,0606,6200 WILSON BLVD,FALLS CHURCH,VA,22044
1,SERV-1,SERVICE - POLICE SERVICE,2024-11-06,0619,11700 LEDURA CT,RESTON,VA,20191
1,SERV-6,SERVICE - ANIMAL DESTROYED BY SERVICE WEAPON,2024-11-06,0645, COOK INLET DR / RICHMOND HWY,FORT BELVOIR,VA,22060
1,FRAUD-26C-1,FRAUD - IMPERSONATION,2024-11-06,0738,13800 BRADDOCK SPRINGS RD,CENTREVILLE,VA,20121
1,ASSLT-13B-1,ASSAULT - SIMPLE; NOT AGGRAVATED,2024-11-06,0645,3800 SOUTH GEORGE MASON DR,FALLS CHURCH,VA,22041
1,ANML-3,ANIMAL - SERVICE - DOMESTIC,2024-11-06,0659,6200 WELTON DR,CENTREVILLE,VA,20120
1,SERV-29,SERVICE - DOMESTIC DISPUTE,2024-11-06,0734, POPLAR TREE RD / STRINGFELLOW RD,FAIRFAX,VA,22033
2,SERV-23,SERVICE - MISSING ADULT,2024-11-06,0728,6200 PADDINGTON LN,CENTREVILLE,VA,20120
1,ASSLT-13B-1,ASSAULT - SIMPLE; NOT AGGRAVATED,2024-11-06,0740, RT50 WB RAMP TO FAIRVIEW PARK / RT50 WB RAMPTO I495 SB,FAIRFAX,VA,22042
2,SERV-33,SERVICE - NON DMV REPORTABLE CRASH,2024-11-06,0740, RT50 WB RAMP TO FAIRVIEW PARK / RT50 WB RAMPTO I495 SB,FAIRFAX,VA,22042
1,SERV-29,SERVICE - DOMESTIC DISPUTE,2024-11-06,0814,7400 GRACE ST,SPRINGFIELD,VA,22150
1,FRAUD-26C-1,FRAUD - IMPERSONATION,2024-11-06,0845,4600 COMMONS DR,ANNANDALE,VA,22003
1,ASSLT-13B-1,ASSAULT - SIMPLE; NOT AGGRAVATED,2024-11-06,0730,3500 BUCKMAN RD,ALEXANDRIA,VA,22309
1,SERV-23,SERVICE - MISSING ADULT,2024-11-06,0800,13400 COPPERMINE RD,HERNDON,VA,20171
1,LARC-23-3,LARCENY - SHOPLIFTING,2024-11-06,0809,8400 ROUTE 29,FAIRFAX,VA,22031
1,FRAUD-26A-1,FRAUD - FALSE PRETENSES/SWINDLE/CONFIDENCE GAME,2024-11-06,0904,14600 ICELANDIC PL,CHANTILLY,VA,20151
1,SERV-6,SERVICE - ANIMAL DESTROYED BY SERVICE WEAPON,2024-11-06,0753,2500 JAMES MADISON DR,VIENNA,VA,22181
1,WARR-90Z-4,WARRANT - WARRANT SERVICE,2024-11-06,0908,10500 JUDICIAL DR,FAIRFAX,VA,22030
1,SERV-11,SERVICE - NATURAL DEATH,2024-11-06,0909,13700 MAGNA WAY,HERNDON,VA,20171
1,LARC-23-7,LARCENY - THEFT OF MOTOR VEHICLE PARTS,2024-11-06,0100,13000 LAUREL TREE LN,HERNDON,VA,20171
1,SUSP-1,SUSPICIOUS - EVENT,2024-11-06,0910,10600 ALISON DR,BURKE,VA,22015
1,TRES-90J-1,TRESPASSING - PRIVATE PROPERTY,2024-11-06,0942,6200 BACKLICK RD,SPRINGFIELD,VA,22150
1,ANML-3,ANIMAL - SERVICE - DOMESTIC,2024-11-06,0907,1700 OLNEY RD,FALLS CHURCH,VA,22043
1,LARC-23-7,LARCENY - THEFT OF MOTOR VEHICLE PARTS,2024-11-06,0951,7000 NEWINGTON RD,LORTON,VA,22079
1,FRAUD-26C-1,FRAUD - IMPERSONATION,2024-11-06,1028,1500 PATHFINDER LN,MCLEAN,VA,22101
1,WARR-90Z-4,WARRANT - WARRANT SERVICE,2024-11-06,0940,7900 CASA GRANDE PL,ALEXANDRIA,VA,22309
1,SERV-11,SERVICE - NATURAL DEATH,2024-11-06,0712,9100 RICHMOND HWY,FORT BELVOIR,VA,22060
2,ANML-3,ANIMAL - SERVICE - DOMESTIC,2024-11-06,0712,9100 RICHMOND HWY,FORT BELVOIR,VA,22060
1,SUSP-1,SUSPICIOUS - EVENT,2024-11-06,0753,7600 OLD OX RD,FAIRFAX STATION,VA,22039
1,FRAUD-26C-1,FRAUD - IMPERSONATION,2024-11-06,1113,3700 WASHINGTON WOODS DR,ALEXANDRIA,VA,22309
1,LARC-23-3,LARCENY - SHOPLIFTING,2024-11-06,1010,13000 FAIR LAKES SHOPPING CTR,FAIRFAX,VA,22033
1,SERV-29,SERVICE - DOMESTIC DISPUTE,2024-11-06,0928,1400 HIGHWOOD DR,MCLEAN,VA,22101
2,DEST-290-2,DESTRUCTION - PRIVATE PROPERTY,2024-11-06,0130,8100 DOUGLAS FIR DR,LORTON,VA,22079
1,LARC-23-7,LARCENY - THEFT OF MOTOR VEHICLE PARTS,2024-11-06,0130,8100 DOUGLAS FIR DR,LORTON,VA,22079
1,SUSP-2,SUSPICIOUS - PERSON,2024-11-06,1134,5900 RICHMOND HWY,ALEXANDRIA,VA,22307
1,SERV-2,SERVICE - CIVIL DISPUTE,2024-11-06,1119,7700 MATISSE WAY,SPRINGFIELD,VA,22153
1,ASSLT-13B-1,ASSAULT - SIMPLE; NOT AGGRAVATED,2024-11-06,1146,6800 DARBY LN,SPRINGFIELD,VA,22150
1,SUSP-1,SUSPICIOUS - EVENT,2024-11-06,1050,1400 TRAP RD,VIENNA,VA,22182
1,SERV-1,SERVICE - POLICE SERVICE,2024-11-06,1200, ROSE HILL DR / TELEGRAPH RD,ALEXANDRIA,VA,22310
1,LARC-23-3,LARCENY - SHOPLIFTING,2024-11-06,1221,1900 CHAIN BRIDGE ROAD,MCLEAN,VA,
1,LARC-23-3,LARCENY - SHOPLIFTING,2024-11-06,0743,1500 CORNERSIDE BLVD,VIENNA,VA,22182
1,SERV-1,SERVICE - POLICE SERVICE,2024-11-06,1208,7100 SOTHEBY WAY,LORTON,VA,22079
1,ASSLT-13B-1,ASSAULT - SIMPLE; NOT AGGRAVATED,2024-11-06,1200,12800 FAIR LAKES PKWY,FAIRFAX,VA,22033
1,TRES-90J-1,TRESPASSING - PRIVATE PROPERTY,2024-11-06,1154,4100 MEDFORD DR,ANNANDALE,VA,22003
1,FRAUD-26A-1,FRAUD - FALSE PRETENSES/SWINDLE/CONFIDENCE GAME,2024-11-06,1246,11600 PLAZA AMERICA DR,RESTON,VA,20190
1,WEAP-520-3,WEAPONS - UNLAWFUL DISCHARGE/RECKLESS HANDLING,2024-11-06,1139,15200 ELK RUN RD,CHANTILLY,VA,20151
1,DISORD-90C-2,DISORDERLY - DISORDERLY CONDUCT,2024-11-06,1250,6700 RICHMOND HWY,ALEXANDRIA,VA,22306
1,SERV-29,SERVICE - DOMESTIC DISPUTE,2024-11-06,1140,8500 RICHMOND HWY,ALEXANDRIA,VA,22309
1,ANML-90Z-6,ANIMAL - ANIMAL BITE - DOMESTIC,2024-11-06,1329,7300 ARDGLASS DR,LORTON,VA,22079
2,ANML-90Z-1,ANIMAL - RUNNING AT LARGE/UNRESTRICTED,2024-11-06,1329,7300 ARDGLASS DR,LORTON,VA,22079
1,SUSP-1,SUSPICIOUS - EVENT,2024-11-06,1318,3000 PATRICK HENRY DR,FALLS CHURCH,VA,22044
1,SERV-1,SERVICE - POLICE SERVICE,2024-11-06,1312,11300 HENDERSON RD,FAIRFAX STATION,VA,22039
1,LARC-23-3,LARCENY - SHOPLIFTING,2024-11-06,1342,8600 RICHMOND HWY,ALEXANDRIA,VA,22309
2,LARC-23-3,LARCENY - SHOPLIFTING,2024-11-06,1310,6500 LITTLE RIVER TPKE,ALEXANDRIA,VA,22312
1,ASSLT-13B-1,ASSAULT - SIMPLE; NOT AGGRAVATED,2024-11-06,1310,6500 LITTLE RIVER TPKE,ALEXANDRIA,VA,22312
1,LARC-23-3,LARCENY - SHOPLIFTING,2024-11-06,1335,8600 RICHMOND HWY,ALEXANDRIA,VA,22309
1,LARC-23-3,LARCENY - SHOPLIFTING,2024-11-06,1336,6100 ARLINGTON BLVD,FALLS CHURCH,VA,22044
1,SERV-1,SERVICE - POLICE SERVICE,2024-11-06,0900,5700 THOMAS EDISON CT,ALEXANDRIA,VA,22310
1,TRES-90J-1,TRESPASSING - PRIVATE PROPERTY,2024-11-06,1311,3300 GLEN CARLYN RD,FALLS CHURCH,VA,22041
1,ASSLT-13B-1,ASSAULT - SIMPLE; NOT AGGRAVATED,2024-11-06,1326,14100 WILLARD RD,CHANTILLY,VA,20151
1,LARC-23-3,LARCENY - SHOPLIFTING,2024-11-06,1350,6200 LITTLE RIVER TPKE,ALEXANDRIA,VA,22312
1,LARC-23-3,LARCENY - SHOPLIFTING,2024-11-06,1356,13000 FAIR LAKES SHOPPING CTR,FAIRFAX,VA,22033
1,SERV-1,SERVICE - POLICE SERVICE,2024-11-06,1240,2500 PARKERS LN,ALEXANDRIA,VA,22306
1,SERV-29,SERVICE - DOMESTIC DISPUTE,2024-11-06,1428,1600 BECONTREE LN,RESTON,VA,20190
1,WARR-90Z-4,WARRANT - WARRANT SERVICE,2024-11-06,1441, RT28 NB THRU RAMP / RT28 NB THRU RAMP,FAIRFAX,VA,20151
1,SUSP-3,SUSPICIOUS - VEHICLE,2024-11-06,1350,800 CARRIE CT,MCLEAN,VA,22101
1,WARR-90Z-4,WARRANT - WARRANT SERVICE,2024-11-06,1258,2100 CENTREVILLE RD,HERNDON,VA,20170
1,SERV-1,SERVICE - POLICE SERVICE,2024-11-06,1404,10400 MARBURY RD,OAKTON,VA,22124
1,AUTO-240-4,AUTO THEFT - AUTOS,2024-11-06,1437,3300 CANNONGATE RD,FAIRFAX,VA,22031
1,SERV-1,SERVICE - POLICE SERVICE,2024-11-06,1412,9200 OLD DOMINION DR,MCLEAN,VA,22102
1,LARC-23-7,LARCENY - THEFT OF MOTOR VEHICLE PARTS,2024-11-06,0130,2000 HUNTINGTON AVE,ALEXANDRIA,VA,22303
1,LARC-23-3,LARCENY - SHOPLIFTING,2024-11-06,1453,1900 CHAIN BRIDGE RD,MCLEAN,VA,22102
1,SERV-1,SERVICE - POLICE SERVICE,2024-11-06,1325,2900 SLEEPY HOLLOW RD,FALLS CHURCH,VA,22044
1,SUSP-1,SUSPICIOUS - EVENT,2024-11-06,1512, LAKE BRADDOCK DR / MOUNT BURNSIDE WAY,BURKE,VA,22015
1,SUSP-1,SUSPICIOUS - EVENT,2024-11-06,1443,11300 EDENDERRY DR,FAIRFAX,VA,22030
1,LARC-23-3,LARCENY - SHOPLIFTING,2024-11-06,1520,6100 ARLINGTON BLVD,FALLS CHURCH,VA,22044
1,ASSLT-13B-1,ASSAULT - SIMPLE; NOT AGGRAVATED,2024-11-06,1511,6000 RICHMOND HWY,ALEXANDRIA,VA,22303
1,SUSP-1,SUSPICIOUS - EVENT,2024-11-06,1419,6100 ROLLING RD,SPRINGFIELD,VA,22152
1,LARC-23-3,LARCENY - SHOPLIFTING,2024-11-06,1524,14300 NEWBROOK DR,CHANTILLY,VA,20151
1,SERV-29,SERVICE - DOMESTIC DISPUTE,2024-11-06,1444,9100 STONEGARDEN DR,LORTON,VA,22079
1,ANML-90Z-6,ANIMAL - ANIMAL BITE - DOMESTIC,2024-11-06,1520,9000 CHESTNUT RIDGE RD,FAIRFAX STATION,VA,22039
2,ANML-90Z-3,ANIMAL - LICENSE VIOLATION,2024-11-06,1520,9000 CHESTNUT RIDGE RD,FAIRFAX STATION,VA,22039
3,ANML-90Z-1,ANIMAL - RUNNING AT LARGE/UNRESTRICTED,2024-11-06,1520,9000 CHESTNUT RIDGE RD,FAIRFAX STATION,VA,22039
1,LARC-23-7,LARCENY - THEFT OF MOTOR VEHICLE PARTS,2024-11-06,1543,2800 FRANKLIN ST,ALEXANDRIA,VA,22306
1,ANML-90Z-1,ANIMAL - RUNNING AT LARGE/UNRESTRICTED,2024-11-06,1525,13000 STARLING CT,FAIRFAX,VA,22033
1,ANML-90Z-3,ANIMAL - LICENSE VIOLATION,2024-11-06,1516,8400 WOODFORD CT,VIENNA,VA,22182
2,ANML-90Z-1,ANIMAL - RUNNING AT LARGE/UNRESTRICTED,2024-11-06,1516,8400 WOODFORD CT,VIENNA,VA,22182
1,SUSP-1,SUSPICIOUS - EVENT,2024-11-06,1434,14100 PARKE LONG CT,CHANTILLY,VA,20151
1,LARC-23-8,LARCENY - THEFT OF BICYCLES,2024-11-06,1100,11100 SOUTH LAKES DR,RESTON,VA,20191
1,SERV-2,SERVICE - CIVIL DISPUTE,2024-11-06,1612,8400 LEESBURG PIKE,VIENNA,VA,22182
1,SUSP-1,SUSPICIOUS - EVENT,2024-11-06,1612,7100 COLUMBIA PIKE,ANNANDALE,VA,22003
1,SERV-1,SERVICE - POLICE SERVICE,2024-11-06,1608,6700 BISON ST,SPRINGFIELD,VA,22150
1,LARC-23-9,LARCENY -  ALL OTHER LARCENY,2024-11-06,1606,7300 BLADE DR,FALLS CHURCH,VA,22042
1,DISORD-90C-2,DISORDERLY - DISORDERLY CONDUCT,2024-11-06,1614,3600 JOSEPH SIEWICK DR,FAIRFAX,VA,22033
1,LARC-23-9,LARCENY -  ALL OTHER LARCENY,2024-11-06,1657,7000 LEEWOOD FOREST DR,SPRINGFIELD,VA,22151
1,ASSLT-13B-1,ASSAULT - SIMPLE; NOT AGGRAVATED,2024-11-06,1619,3200 BETSY LN,HERNDON,VA,20171
1,SERV-1,SERVICE - POLICE SERVICE,2024-11-06,1711,14600 FARM POND CT,CENTREVILLE,VA,20120
1,SERV-33,SERVICE - NON DMV REPORTABLE CRASH,2024-11-06,1707,7600 RICHMOND HWY,ALEXANDRIA,VA,22306
1,SUSP-2,SUSPICIOUS - PERSON,2024-11-06,1719,6500 ARLINGTON BLVD,FALLS CHURCH,VA,22042
1,ANML-3,ANIMAL - SERVICE - DOMESTIC,2024-11-06,1644,4900 BEAUREGARD ST,ALEXANDRIA,VA,22312
1,SERV-1,SERVICE - POLICE SERVICE,2024-11-06,1626,6000 ROCK CLIFF LN,ALEXANDRIA,VA,22315
1,SERV-29,SERVICE - DOMESTIC DISPUTE,2024-11-06,1529,10500 REEDS LANDING CIR,BURKE,VA,22015
1,ANML-3,ANIMAL - SERVICE - DOMESTIC,2024-11-06,1721,7900 LYSANDER CT,MCLEAN,VA,22102
1,ASSLT-13B-1,ASSAULT - SIMPLE; NOT AGGRAVATED,2024-11-06,1715,3100 KINROSS CIR,HERNDON,VA,20171
1,WARR-90Z-4,WARRANT - WARRANT SERVICE,2024-11-06,1747, LITTLE RIVER TPKE SERVICE RD / SOUTHLAND AVE,ALEXANDRIA,VA,22312
1,LARC-23-3,LARCENY - SHOPLIFTING,2024-11-06,1756,13000 FAIR LAKES SHOPPING CTR,FAIRFAX,VA,22033
1,WARR-90Z-4,WARRANT - WARRANT SERVICE,2024-11-06,1827,7400 LITTLE RIVER TPKE,ANNANDALE,VA,22003
1,LARC-23-3,LARCENY - SHOPLIFTING,2024-11-06,1827,1900 CHAIN BRIDGE RD,MCLEAN,VA,22102
1,SERV-8,SERVICE - LOST/FOUND PROPERTY,2024-11-06,1753,6100 FRANCONIA RD,ALEXANDRIA,VA,22310
1,LARC-23-3,LARCENY - SHOPLIFTING,2024-11-06,1841,12100 FAIRFAX TOWNE CTR,FAIRFAX,VA,22033
1,ASSLT-13B-1,ASSAULT - SIMPLE; NOT AGGRAVATED,2024-11-06,1753,6000 RICHMOND HWY,ALEXANDRIA,VA,22307
1,ANML-90Z-1,ANIMAL - RUNNING AT LARGE/UNRESTRICTED,2024-11-06,1829,2400 CENTREVILLE RD,HERNDON,VA,20171
1,ABC-90G-10,ABC - DRINKING/TENDING ALCOHOL IN PUBLIC,2024-11-06,1831, CENTREVILLE RD / ELDEN ST,HERNDON,VA,20170
1,LARC-23-9,LARCENY -  ALL OTHER LARCENY,2024-11-06,1849,12500 SUMMIT MANOR DR,FAIRFAX,VA,22033
1,DEST-290-6,DESTRUCTION - OTHER,2024-11-06,1855,7600 LITTLE RIVER TPKE,ANNANDALE,VA,22003
1,ASSLT-13B-1,ASSAULT - SIMPLE; NOT AGGRAVATED,2024-11-06,1851,8000 RICHMOND HWY,ALEXANDRIA,VA,22306
1,LARC-23-9,LARCENY -  ALL OTHER LARCENY,2024-11-06,1530,6800 SORREL ST,MCLEAN,VA,22101
1,SUSP-1,SUSPICIOUS - EVENT,2024-11-06,1845,2500 PARKERS LN,ALEXANDRIA,VA,22306
1,SERV-29,SERVICE - DOMESTIC DISPUTE,2024-11-06,1904,14500 STILSBY CT,CENTREVILLE,VA,20121
1,LARC-23-3,LARCENY - SHOPLIFTING,2024-11-06,1921,7900 RICHMOND HWY,ALEXANDRIA,VA,22306
1,LARC-23-9,LARCENY -  ALL OTHER LARCENY,2024-11-06,1807,7800 FRANCIS DICKENS LN,ANNANDALE,VA,22003
1,LARC-23-1,LARCENY - POCKET-PICKING,2024-11-06,0100,8400 RICHMOND HWY,ALEXANDRIA,VA,22309
2,FRAUD-26B-1,FRAUD - CREDIT CARD/AUTOMATED TELLER MACHINE FRAUD,2024-11-06,1200,7700 LITTLE RIVER TPKE,ANNANDALE,VA,22003
1,LARC-23-9,LARCENY -  ALL OTHER LARCENY,2024-11-06,1200,7700 LITTLE RIVER TPKE,ANNANDALE,VA,22003
1,LARC-23-3,LARCENY - SHOPLIFTING,2024-11-06,1953,7900 RICHMOND HWY,ALEXANDRIA,VA,22306
1,SUSP-2,SUSPICIOUS - PERSON,2024-11-06,1911,6200 PIONEER DR,SPRINGFIELD,VA,22150
1,ROB-120-7,ROBBERY - PERSON,2024-11-06,1920,6000 BROOK DR,FALLS CHURCH,VA,22044
1,ANML-90Z-3,ANIMAL - LICENSE VIOLATION,2024-11-06,1911,4400 FOREST GLEN CT,ANNANDALE,VA,22003
2,ANML-90Z-1,ANIMAL - RUNNING AT LARGE/UNRESTRICTED,2024-11-06,1911,4400 FOREST GLEN CT,ANNANDALE,VA,22003
1,SERV-23,SERVICE - MISSING ADULT,2024-11-06,1948,7400 PARKWOOD CT,FALLS CHURCH,VA,22042
1,ANML-90Z-6,ANIMAL - ANIMAL BITE - DOMESTIC,2024-11-06,1924,11000 BECONTREE LAKE DR,RESTON,VA,20190
2,ANML-3,ANIMAL - SERVICE - DOMESTIC,2024-11-06,1924,11000 BECONTREE LAKE DR,RESTON,VA,20190
1,SUSP-1,SUSPICIOUS - EVENT,2024-11-06,1841,8100 COOPER ST,ALEXANDRIA,VA,22309
1,SUSP-2,SUSPICIOUS - PERSON,2024-11-06,1907,6100 FRANCONIA RD,ALEXANDRIA,VA,22310
1,SERV-29,SERVICE - DOMESTIC DISPUTE,2024-11-06,1959,4900 AMERICANA DR,ANNANDALE,VA,22003
2,SERV-2,SERVICE - CIVIL DISPUTE,2024-11-06,1959,4900 AMERICANA DR,ANNANDALE,VA,22003
1,SERV-29,SERVICE - DOMESTIC DISPUTE,2024-11-06,2002,9900 OAK CREEK PL,OAKTON,VA,22124
1,SERV-6,SERVICE - ANIMAL DESTROYED BY SERVICE WEAPON,2024-11-06,1953,11100 GLADE DR,RESTON,VA,20191
1,SUSP-1,SUSPICIOUS - EVENT,2024-11-06,2006,9100 RICHMOND HWY,FORT BELVOIR,VA,22060
1,TRES-90J-1,TRESPASSING - PRIVATE PROPERTY,2024-11-06,2028,6000 LEESBURG PIKE,FALLS CHURCH,VA,22041
1,TRES-90J-7,TRESPASSING - UNLAWFUL ENTRY,2024-11-06,2010,7000 CLIFTON RD,CLIFTON,VA,20124
1,LARC-23-3,LARCENY - SHOPLIFTING,2024-11-06,2003,3500 SOUTH JEFFERSON ST,FALLS CHURCH,VA,22041
1,SERV-1,SERVICE - POLICE SERVICE,2024-11-06,1557,12200 LAUREL GLADE CT,RESTON,VA,20191
1,SERV-29,SERVICE - DOMESTIC DISPUTE,2024-11-06,2010,7700 LEXTON PL,SPRINGFIELD,VA,22152
1,ANML-3,ANIMAL - SERVICE - DOMESTIC,2024-11-06,1711,14600 FARM POND CT,CENTREVILLE,VA,20120
1,PUB-90Z-5,PUBLIC SAFETY - FALSE REPORT OF CRIME,2024-11-06,2113,7400 EASTMORELAND RD,ANNANDALE,VA,22003
1,TRES-90J-3,TRESPASSING - PUBLIC/PARK PROPERTY,2024-11-06,2115,12700 SHOPPES LN,FAIRFAX,VA,22033
1,ASSLT-13B-1,ASSAULT - SIMPLE; NOT AGGRAVATED,2024-11-06,2029,6600 QUICKSILVER CT,SPRINGFIELD,VA,22150
1,SUSP-1,SUSPICIOUS - EVENT,2024-11-06,2109,6100 RICHMOND HWY,ALEXANDRIA,VA,22303
1,ASSLT-13B-1,ASSAULT - SIMPLE; NOT AGGRAVATED,2024-11-06,2055,4400 CUB RUN RD,CHANTILLY,VA,20151
1,SERV-2,SERVICE - CIVIL DISPUTE,2024-11-06,1746,7700 MATISSE WAY,SPRINGFIELD,VA,22153
1,SERV-5,SERVICE - ANIMAL DESTROYED BY CHEMICAL,2024-11-06,2157,9400 GOLDFIELD LN,BURKE,VA,22015
1,SERV-39,SERVICE - AVI THREAT SCHOOL,2024-11-06,1040,6800 UNION MILL RD,CLIFTON,VA,20124
1,ASSLT-13B-1,ASSAULT - SIMPLE; NOT AGGRAVATED,2024-11-06,2152,11800 BRETON CT,RESTON,VA,20191
1,LARC-23-9,LARCENY -  ALL OTHER LARCENY,2024-11-06,2017,6800 EDSALL RD,SPRINGFIELD,VA,22151
2,WARR-90Z-4,WARRANT - WARRANT SERVICE,2024-11-06,2116,6500 POTOMAC AVE,ALEXANDRIA,VA,22307
1,TRES-90J-1,TRESPASSING - PRIVATE PROPERTY,2024-11-06,2116,6500 POTOMAC AVE,ALEXANDRIA,VA,22307
1,ASSLT-13B-1,ASSAULT - SIMPLE; NOT AGGRAVATED,2024-11-06,2215,4100 WEEK PL,CHANTILLY,VA,20151
1,DISORD-90C-2,DISORDERLY - DISORDERLY CONDUCT,2024-11-06,2210,3300 GALLOWS RD,FALLS CHURCH,VA,22042
2,SERV-48,SERVICE - ESRO (EMERGENCY SUBSTANTIAL RISK ORDER),2024-11-06,2210,3300 GALLOWS RD,FALLS CHURCH,VA,22042
3,SERV-40,SERVICE - AVI THREAT BUSINESS,2024-11-06,2210,3300 GALLOWS RD,FALLS CHURCH,VA,22042
1,ASSLT-13B-2,ASSAULT - SIMPLE ASSAULT ON LEO,2024-11-06,2116,6500 POTOMAC AVE,ALEXANDRIA,VA,22307
1,SUSP-1,SUSPICIOUS - EVENT,2024-11-06,2303,7500 PARKWOOD CT,FALLS CHURCH,VA,22042
1,LARC-23-9,LARCENY -  ALL OTHER LARCENY,2024-11-06,1530,3300 WILLOW CRESCENT DR,FAIRFAX,VA,22030
1,SERV-29,SERVICE - DOMESTIC DISPUTE,2024-11-06,2259,7000 RHODEN CT,SPRINGFIELD,VA,22151
1,SERV-6,SERVICE - ANIMAL DESTROYED BY SERVICE WEAPON,2024-11-06,2320,3900 GALLOWS RD,ANNANDALE,VA,22003
1,ASSLT-13B-1,ASSAULT - SIMPLE; NOT AGGRAVATED,2024-11-06,2321,8300 LEESBURG PIKE,VIENNA,VA,22182
1,LARC-23-3,LARCENY - SHOPLIFTING,2024-11-06,2349,6300 SOUTH KINGS HWY,ALEXANDRIA,VA,22306
3,PUB-90Z-6,PUBLIC SAFETY - OBSTRUCTION OF JUSTICE,2024-11-06,2349,6300 SOUTH KINGS HWY,ALEXANDRIA,VA,22306
2,DRUG-35A-10,DRUGS - OTHER DANGEROUS DRUGS POSSESSION,2024-11-06,2349,6300 SOUTH KINGS HWY,ALEXANDRIA,VA,22306
1,SERV-29,SERVICE - DOMESTIC DISPUTE,2024-11-06,2346,6000 RICHMOND HWY,ALEXANDRIA,VA,22303
1,SERV-29,SERVICE - DOMESTIC DISPUTE,2024-11-06,2343,12800 FAIR LAKES PKWY,FAIRFAX,VA,22033
1,SERV-1,SERVICE - POLICE SERVICE,2024-11-06,1415,1800 CAMERON GLEN DR,RESTON,VA,20190
1,SERV-11,SERVICE - NATURAL DEATH,2024-11-06,2300,7900 JANNA LEE AVE,ALEXANDRIA,VA,22306
1,LARC-23-7,LARCENY - THEFT OF MOTOR VEHICLE PARTS,2024-11-06,2100,8500 CENTURY OAK CT,FAIRFAX STATION,VA,22039
2,DEST-290-2,DESTRUCTION - PRIVATE PROPERTY,2024-11-06,2100,8500 CENTURY OAK CT,FAIRFAX STATION,VA,22039
1,SERV-8,SERVICE - LOST/FOUND PROPERTY,2024-11-06,1130,6500 COLUMBIA PIKE,ANNANDALE,VA,22003
1,LARC-23-7,LARCENY - THEFT OF MOTOR VEHICLE PARTS,2024-11-06,1000,9600 SOUTH RUN OAKS DR,FAIRFAX STATION,VA,22039
2,DEST-290-2,DESTRUCTION - PRIVATE PROPERTY,2024-11-06,1000,9600 SOUTH RUN OAKS DR,FAIRFAX STATION,VA,22039
1,LARC-23-7,LARCENY - THEFT OF MOTOR VEHICLE PARTS,2024-11-06,2100,9300 BRAYMORE CIR,FAIRFAX STATION,VA,22039
1,TRES-90J-4,TRESPASSING - SCHOOL/CHURCH/CEMETERY,2024-11-06,1108,11400 SOUTH LAKES DR,RESTON,VA,20191
2,SERV-45,SRO RELATED EVENT,2024-11-06,1108,11400 SOUTH LAKES DR,RESTON,VA,20191
1,LARC-23-6,LARCENY - THEFT FROM MOTOR VEHICLE,2024-11-06,1600,6300 FIELD FLOWER TRL,CENTREVILLE,VA,20121
2,DEST-290-2,DESTRUCTION - PRIVATE PROPERTY,2024-11-06,1600,6300 FIELD FLOWER TRL,CENTREVILLE,VA,20121
1,LARC-23-6,LARCENY - THEFT FROM MOTOR VEHICLE,2024-11-06,1630,3900 PERSIMMON DR,FAIRFAX,VA,22031
1,LARC-23-3,LARCENY - SHOPLIFTING,2024-11-06,2151,5100 LEESBURG PIKE,FALLS CHURCH,VA,22041
1,LARC-23-6,LARCENY - THEFT FROM MOTOR VEHICLE,2024-11-06,1900,9200 POINT REPLETE DR,FORT BELVOIR,VA,22060
2,DEST-290-2,DESTRUCTION - PRIVATE PROPERTY,2024-11-06,1900,9200 POINT REPLETE DR,FORT BELVOIR,VA,22060
1,ANML-90Z-6,ANIMAL - ANIMAL BITE - DOMESTIC,2024-11-06,0919,4500 WEST OX RD,FAIRFAX,VA,22030
1,ASSLT-13B-1,ASSAULT - SIMPLE; NOT AGGRAVATED,2024-11-06,1500,13500 HOLLINGER AVE,FAIRFAX,VA,22033
1,SUSP-1,SUSPICIOUS - EVENT,2024-11-06,0730,10300 REIN COMMONS CT,BURKE,VA,22015
1,DEST-290-2,DESTRUCTION - PRIVATE PROPERTY,2024-11-07,0050, OLD CENTREVILLE RD / SINGLETONS WAY,CENTREVILLE,VA,20121
1,SERV-29,SERVICE - DOMESTIC DISPUTE,2024-11-07,0112,1800 ORACLE WAY,RESTON,VA,20190
1,ASSLT-13B-1,ASSAULT - SIMPLE; NOT AGGRAVATED,2024-11-07,0100,2000 TURTLE POND DR,RESTON,VA,20191
1,SERV-29,SERVICE - DOMESTIC DISPUTE,2024-11-07,0216,4200 MARKHAM ST,ANNANDALE,VA,22003
1,SERV-1,SERVICE - POLICE SERVICE,2024-11-07,0140,2900 DISTRICT AVE,FAIRFAX,VA,22031
1,SERV-29,SERVICE - DOMESTIC DISPUTE,2024-11-07,0625,7400 ENGLEWOOD PL,ANNANDALE,VA,22003
1,FRAUD-26A-1,FRAUD - FALSE PRETENSES/SWINDLE/CONFIDENCE GAME,2024-11-07,0728,3800 GRAND JUNCTION CT,FAIRFAX,VA,22033
1,FRAUD-26A-1,FRAUD - FALSE PRETENSES/SWINDLE/CONFIDENCE GAME,2024-11-07,0757,2100 GOLF COURSE DR,RESTON,VA,20191
2,DEST-290-2,DESTRUCTION - PRIVATE PROPERTY,2024-11-07,0245,9200 CLEMENTINE CT,LORTON,VA,22079
1,LARC-23-6,LARCENY - THEFT FROM MOTOR VEHICLE,2024-11-07,0245,9200 CLEMENTINE CT,LORTON,VA,22079
1,SERV-5,SERVICE - ANIMAL DESTROYED BY CHEMICAL,2024-11-07,0737,3100 ELLENWOOD DR,FAIRFAX,VA,22031
1,SERV-29,SERVICE - DOMESTIC DISPUTE,2024-11-07,0816,2600 ARLINGTON DR,ALEXANDRIA,VA,22306
1,TRES-90J-7,TRESPASSING - UNLAWFUL ENTRY,2024-11-07,0853,6000 ARGYLE DR,FALLS CHURCH,VA,22041
1,SERV-5,SERVICE - ANIMAL DESTROYED BY CHEMICAL,2024-11-07,0758,400 SPRINGPARK PL,HERNDON,VA,20170
1,LARC-23-9,LARCENY -  ALL OTHER LARCENY,2024-11-07,0801,6300 SOUTH KINGS HWY,ALEXANDRIA,VA,22306
1,ASSLT-13B-1,ASSAULT - SIMPLE; NOT AGGRAVATED,2024-11-07,0801,2200 SARAH WOODS CT,VIENNA,VA,22182
1,ANML-4,ANIMAL - SERVICE - WILD,2024-11-07,0853,5700 CLERMONT DR,ALEXANDRIA,VA,22310
2,SERV-5,SERVICE - ANIMAL DESTROYED BY CHEMICAL,2024-11-07,0853,5700 CLERMONT DR,ALEXANDRIA,VA,22310
1,SERV-29,SERVICE - DOMESTIC DISPUTE,2024-11-07,0941,4200 MARKHAM ST,ANNANDALE,VA,22003
1,ANML-90Z-6,ANIMAL - ANIMAL BITE - DOMESTIC,2024-11-07,1004,2800 MEADOW VIEW RD,FALLS CHURCH,VA,22042
2,SERV-999,POLICE PHONE REPORT,2024-11-07,1004,2800 MEADOW VIEW RD,FALLS CHURCH,VA,22042
1,ASSLT-13B-1,ASSAULT - SIMPLE; NOT AGGRAVATED,2024-11-07,1033,8700 RICHMOND HWY,ALEXANDRIA,VA,22309
1,ANML-4,ANIMAL - SERVICE - WILD,2024-11-07,0944, BLUE WILLOW PL / WILLOW VALLEY RD,CLIFTON,VA,20124
2,SERV-5,SERVICE - ANIMAL DESTROYED BY CHEMICAL,2024-11-07,0944, BLUE WILLOW PL / WILLOW VALLEY RD,CLIFTON,VA,20124
1,SERV-1,SERVICE - POLICE SERVICE,2024-11-07,0957,1800 CAMERON GLEN DR,RESTON,VA,20190
1,SERV-2,SERVICE - CIVIL DISPUTE,2024-11-07,0917,6900 TELEGRAPH RD,ALEXANDRIA,VA,22310
1,ASSLT-13B-2,ASSAULT - SIMPLE ASSAULT ON LEO,2024-11-07,1029,5900 WILD BROOK CT,CENTREVILLE,VA,20121
1,SERV-1,SERVICE - POLICE SERVICE,2024-11-07,1029,5900 WILD BROOK CT,CENTREVILLE,VA,20121
1,DEST-290-2,DESTRUCTION - PRIVATE PROPERTY,2024-11-07,0630,7300 OX RD,FAIRFAX STATION,VA,22039
1,SERV-8,SERVICE - LOST/FOUND PROPERTY,2024-11-07,0700,2400 COLTS NECK RD,RESTON,VA,20191
1,LARC-23-9,LARCENY -  ALL OTHER LARCENY,2024-11-07,1057,6300 RICHMOND HWY,ALEXANDRIA,VA,22303
1,ANML-90Z-3,ANIMAL - LICENSE VIOLATION,2024-11-07,1112,10600 GUNSTON RD,LORTON,VA,22079
2,ANML-90Z-1,ANIMAL - RUNNING AT LARGE/UNRESTRICTED,2024-11-07,1112,10600 GUNSTON RD,LORTON,VA,22079
1,SERV-1,SERVICE - POLICE SERVICE,2024-11-07,1114,7200 NIGHTINGALE HILL LN,ALEXANDRIA,VA,22306
2,PUB-90Z-6,PUBLIC SAFETY - OBSTRUCTION OF JUSTICE,2024-11-07,1202,5900 WILD BROOK CT,CENTREVILLE,VA,20121
1,ASSLT-13B-2,ASSAULT - SIMPLE ASSAULT ON LEO,2024-11-07,1202,5900 WILD BROOK CT,CENTREVILLE,VA,20121
1,LARC-23-6,LARCENY - THEFT FROM MOTOR VEHICLE,2024-11-07,1018,8400 RICHMOND HWY,ALEXANDRIA,VA,22309
2,AUTO-240-4,AUTO THEFT - AUTOS,2024-11-07,1018,8400 RICHMOND HWY,ALEXANDRIA,VA,22309
1,DEST-290-2,DESTRUCTION - PRIVATE PROPERTY,2024-11-07,0330,7000 SPRING GARDEN DR,SPRINGFIELD,VA,22150
1,LARC-23-7,LARCENY - THEFT OF MOTOR VEHICLE PARTS,2024-11-07,0500,9600 BURNT OAK DR,FAIRFAX STATION,VA,22039
1,ANML-4,ANIMAL - SERVICE - WILD,2024-11-07,1218,10200 AKHTAMAR DR,GREAT FALLS,VA,22066
2,SERV-6,SERVICE - ANIMAL DESTROYED BY SERVICE WEAPON,2024-11-07,1218,10200 AKHTAMAR DR,GREAT FALLS,VA,22066
1,SERV-29,SERVICE - DOMESTIC DISPUTE,2024-11-07,1100,2900 FAIRHILL RD,FAIRFAX,VA,22031
1,LARC-23-9,LARCENY -  ALL OTHER LARCENY,2024-11-07,1256,3800 JOSHUA PL,ALEXANDRIA,VA,22309
1,ANML-4,ANIMAL - SERVICE - WILD,2024-11-07,1255,8600 BRAEBURN DR,ANNANDALE,VA,22003
2,SERV-5,SERVICE - ANIMAL DESTROYED BY CHEMICAL,2024-11-07,1255,8600 BRAEBURN DR,ANNANDALE,VA,22003
1,ASSLT-13C-3,THREATS - TELEPHONE THREATS/ABUSE/OBSCENE,2024-11-07,1221,3300 GALLOWS RD,FALLS CHURCH,VA,22042
1,ASSLT-13B-1,ASSAULT - SIMPLE; NOT AGGRAVATED,2024-11-07,1315,5700 COLUMBIA PIKE,FALLS CHURCH,VA,22041
2,TRES-90J-1,TRESPASSING - PRIVATE PROPERTY,2024-11-07,1315,5700 COLUMBIA PIKE,FALLS CHURCH,VA,22041
1,SERV-8,SERVICE - LOST/FOUND PROPERTY,2024-11-07,1345,8800 BLACK ALDER DR,ALEXANDRIA,VA,22309
1,SERV-1,SERVICE - POLICE SERVICE,2024-11-07,1309,9000 PALMER DR,LORTON,VA,22079
1,FRAUD-26A-1,FRAUD - FALSE PRETENSES/SWINDLE/CONFIDENCE GAME,2024-11-07,1411,10800 OLDFIELD DR,RESTON,VA,20191
1,LARC-23-9,LARCENY -  ALL OTHER LARCENY,2024-11-07,1419,5900 RICHMOND HWY,ALEXANDRIA,VA,22303
1,SUSP-1,SUSPICIOUS - EVENT,2024-11-07,1419,5900 RICHMOND HWY,ALEXANDRIA,VA,22303
1,LARC-23-3,LARCENY - SHOPLIFTING,2024-11-07,1436,6400 SPRINGFIELD PLZ,SPRINGFIELD,VA,22150
1,SERV-1,SERVICE - POLICE SERVICE,2024-11-07,1433,13900 ROUTE 50,CHANTILLY,VA,20151
1,SERV-8,SERVICE - LOST/FOUND PROPERTY,2024-11-07,1454,6100 FRANCONIA RD,ALEXANDRIA,VA,22310
1,SUSP-1,SUSPICIOUS - EVENT,2024-11-07,1521,3000 ASPEN LN,FALLS CHURCH,VA,22042
1,ASSLT-13B-1,ASSAULT - SIMPLE; NOT AGGRAVATED,2024-11-07,1527,14400 NEW BRADDOCK RD,CENTREVILLE,VA,20121
1,SERV-6,SERVICE - ANIMAL DESTROYED BY SERVICE WEAPON,2024-11-07,1511,6100 SUNPATTERNS TRL,FAIRFAX STATION,VA,22039
1,LARC-23-6,LARCENY - THEFT FROM MOTOR VEHICLE,2024-11-07,0102,13600 WATER SPRINGS CT,CENTREVILLE,VA,20121
2,DEST-290-2,DESTRUCTION - PRIVATE PROPERTY,2024-11-07,0102,13600 WATER SPRINGS CT,CENTREVILLE,VA,20121
1,LARC-23-4,LARCENY - THEFT FROM BUILDING,2024-11-07,1330,4000 STRINGFELLOW RD,CHANTILLY,VA,20151
1,SERV-1,SERVICE - POLICE SERVICE,2024-11-07,1606,2400 FOX MILL RD,HERNDON,VA,20171
1,SERV-42,SERVICE - AVI OTHER,2024-11-07,1549,6100 STONE RD,CENTREVILLE,VA,20120
1,LARC-23-9,LARCENY -  ALL OTHER LARCENY,2024-11-07,1357,6300 BACKLICK RD,SPRINGFIELD,VA,22150
1,SUSP-1,SUSPICIOUS - EVENT,2024-11-07,1558,7400 LITTLE RIVER TPKE,ANNANDALE,VA,22003
1,SUSP-1,SUSPICIOUS - EVENT,2024-11-07,1605,6700 JADE POST LN,CENTREVILLE,VA,20121
1,ROB-120-7,ROBBERY - PERSON,2024-11-07,1330, ARLINGTON DR / VERNON SQUARE DR,ALEXANDRIA,VA,22306
1,SERV-1,SERVICE - POLICE SERVICE,2024-11-07,1200,7300 CAROL LN,FALLS CHURCH,VA,22042
1,ASSLT-13B-2,ASSAULT - SIMPLE ASSAULT ON LEO,2024-11-07,1029,5900 WILD BROOK CT,CENTREVILLE,VA,20121
1,SERV-1,SERVICE - POLICE SERVICE,2024-11-07,1652,9300 WALKING HORSE CT,SPRINGFIELD,VA,22153
1,LARC-23-3,LARCENY - SHOPLIFTING,2024-11-07,1752,12100 SUNSET HILLS RD,RESTON,VA,20190
1,SERV-1,SERVICE - POLICE SERVICE,2024-11-07,1733,1000 CROTON DR,ALEXANDRIA,VA,22308
1,LARC-23-4,LARCENY - THEFT FROM BUILDING,2024-11-07,1603,6000 FARRINGTON AVE,ALEXANDRIA,VA,22304
1,LARC-23-6,LARCENY - THEFT FROM MOTOR VEHICLE,2024-11-07,1803,4100 SULSER PL,CHANTILLY,VA,20151
2,AUTO-240-4,AUTO THEFT - AUTOS,2024-11-07,1803,4100 SULSER PL,CHANTILLY,VA,20151
1,DISORD-90C-2,DISORDERLY - DISORDERLY CONDUCT,2024-11-07,0745, ROCKY BRANCH RD / VALE RD,VIENNA,VA,22181
1,TAMP-290-3,TAMPERING - AUTO/TRUCK/OTHER VEHICLE,2024-11-07,1756,4100 MEADOWLAND CT,CHANTILLY,VA,20151
2,DEST-290-2,DESTRUCTION - PRIVATE PROPERTY,2024-11-07,1826,14100 SULLYFIELD CIR,CHANTILLY,VA,20151
1,AUTO-240-4,AUTO THEFT - AUTOS,2024-11-07,1826,14100 SULLYFIELD CIR,CHANTILLY,VA,20151
1,ASSLT-13B-1,ASSAULT - SIMPLE; NOT AGGRAVATED,2024-11-07,1750,9500 RICHMOND HWY,LORTON,VA,22079
1,ANML-90Z-1,ANIMAL - RUNNING AT LARGE/UNRESTRICTED,2024-11-07,1806,3500 STONEYBRAE DR,FALLS CHURCH,VA,22044
2,ANML-90Z-3,ANIMAL - LICENSE VIOLATION,2024-11-07,1806,3500 STONEYBRAE DR,FALLS CHURCH,VA,22044
1,SERV-1,SERVICE - POLICE SERVICE,2024-11-07,1526,4200 SUMMIT CORNER DR,FAIRFAX,VA,22030
1,AUTO-240-4,AUTO THEFT - AUTOS,2024-11-07,1746,13600 ROUTE 50,CHANTILLY,VA,20151
2,DEST-290-2,DESTRUCTION - PRIVATE PROPERTY,2024-11-07,1746,13600 ROUTE 50,CHANTILLY,VA,20151
1,SERV-29,SERVICE - DOMESTIC DISPUTE,2024-11-07,1817,12400 OAK RAIL LN,FAIRFAX,VA,22033
1,SERV-9,SERVICE - OPEN DOOR,2024-11-07,1659,7400 LOCKPORT PL,LORTON,VA,22079
1,SERV-6,SERVICE - ANIMAL DESTROYED BY SERVICE WEAPON,2024-11-07,1847, CONFERENCE CENTER DR / STONECROFT BLVD,CHANTILLY,VA,20151
1,SUSP-1,SUSPICIOUS - EVENT,2024-11-07,1903,1500 YOUNGS POINT PL,HERNDON,VA,20170
1,SERV-23,SERVICE - MISSING ADULT,2024-11-07,1843,7900 LARRICK CT,SPRINGFIELD,VA,22153
1,LARC-23-9,LARCENY -  ALL OTHER LARCENY,2024-11-07,1554,7800 FRANCIS DICKENS LN,ANNANDALE,VA,22003
1,SERV-8,SERVICE - LOST/FOUND PROPERTY,2024-11-07,1819,6000 RICHMOND HWY,ALEXANDRIA,VA,22303
1,ASSLT-13B-1,ASSAULT - SIMPLE; NOT AGGRAVATED,2024-11-07,1926,3200 ALLEN ST,FALLS CHURCH,VA,22042
1,SERV-29,SERVICE - DOMESTIC DISPUTE,2024-11-07,1848,7300 GRESHAM ST,SPRINGFIELD,VA,22151
1,LARC-23-9,LARCENY -  ALL OTHER LARCENY,2024-11-07,1604,4500 JOSEPH BRISTOW LN,ANNANDALE,VA,22003
1,ASSLT-13B-1,ASSAULT - SIMPLE; NOT AGGRAVATED,2024-11-07,1928,6100 GREENWOOD DR,FALLS CHURCH,VA,22044
1,TRES-90J-7,TRESPASSING - UNLAWFUL ENTRY,2024-11-07,1936,6000 RICHMOND HWY,ALEXANDRIA,VA,22307
1,TRES-90J-3,TRESPASSING - PUBLIC/PARK PROPERTY,2024-11-07,1817,11100 ROUTE 29,FAIRFAX,VA,22030
1,DEST-290-2,DESTRUCTION - PRIVATE PROPERTY,2024-11-07,1926,4100 TIMBER LOG WAY,FAIRFAX,VA,22030
1,DEST-290-1,DESTRUCTION - PUBLIC PROPERTY,2024-11-07,1926,4100 TIMBER LOG WAY,FAIRFAX,VA,22030
1,SERV-29,SERVICE - DOMESTIC DISPUTE,2024-11-07,1907,7600 BRITTANY PARC CT,FALLS CHURCH,VA,22043
1,SERV-2,SERVICE - CIVIL DISPUTE,2024-11-07,1942,4900 STONECROFT BLVD,CHANTILLY,VA,20120
1,DRUNK-90Z-1,DRUNK - DRUNK/PROFANE IN PUBLIC,2024-11-07,1930,6600 TOWER DR,ALEXANDRIA,VA,22306
1,ASSLT-13C-3,THREATS - TELEPHONE THREATS/ABUSE/OBSCENE,2024-11-07,1739,3300 GALLOWS RD,FALLS CHURCH,VA,22042
1,SERV-29,SERVICE - DOMESTIC DISPUTE,2024-11-07,1924,2800 DOVER LN,FALLS CHURCH,VA,22042
1,SERV-2,SERVICE - CIVIL DISPUTE,2024-11-07,1658,7200 BURTON HILL CT,SPRINGFIELD,VA,22152
1,LARC-23-9,LARCENY -  ALL OTHER LARCENY,2024-11-07,1915,7000 BROCTON CT,SPRINGFIELD,VA,22150
1,SERV-2,SERVICE - CIVIL DISPUTE,2024-11-07,2004, LOGSDON DR / PERRY PENNEY DR,ANNANDALE,VA,22003
1,FORG-250-4,FORGERY - COUNTERFEITING CURRENCY,2024-11-07,1814,6300 RICHMOND HWY,ALEXANDRIA,VA,22303
1,PARK-90Z-1,PARKING - INOPERATIVE/ABANDONED VEHICLE,2024-11-07,1613,6400 SOUTH ST,FALLS CHURCH,VA,22042
1,SERV-29,SERVICE - DOMESTIC DISPUTE,2024-11-07,2024,8300 BROCKHAM DR,ALEXANDRIA,VA,22309
1,LARC-23-6,LARCENY - THEFT FROM MOTOR VEHICLE,2024-11-07,2010,6600 BIRCHLEIGH WAY,ALEXANDRIA,VA,22315
1,SERV-29,SERVICE - DOMESTIC DISPUTE,2024-11-07,2037,9000 SWIFT CREEK RD,FAIRFAX STATION,VA,22039
1,SUSP-1,SUSPICIOUS - EVENT,2024-11-07,0600,7700 WOLFORD WAY,LORTON,VA,22079
1,SUSP-1,SUSPICIOUS - EVENT,2024-11-07,2129,6400 BRANDON AVE,SPRINGFIELD,VA,22150
1,LARC-23-9,LARCENY -  ALL OTHER LARCENY,2024-11-07,1740,4200 STRINGFELLOW RD,CHANTILLY,VA,20151
1,SERV-2,SERVICE - CIVIL DISPUTE,2024-11-07,2152,6600 RICHMOND HWY,ALEXANDRIA,VA,22306
1,ASSLT-13B-1,ASSAULT - SIMPLE; NOT AGGRAVATED,2024-11-07,2135,2900 MAINSTONE DR,FAIRFAX,VA,22031
1,SUSP-1,SUSPICIOUS - EVENT,2024-11-07,2134,6600 QUICKSILVER CT,SPRINGFIELD,VA,22150
1,ASSLT-13B-1,ASSAULT - SIMPLE; NOT AGGRAVATED,2024-11-07,2159,3800 POWELL LN,FALLS CHURCH,VA,22041
1,SERV-29,SERVICE - DOMESTIC DISPUTE,2024-11-07,2225,14500 OLD MILL RD,CENTREVILLE,VA,20121
1,SERV-29,SERVICE - DOMESTIC DISPUTE,2024-11-07,2220,9500 BLAKE LN,FAIRFAX,VA,22031
1,SERV-2,SERVICE - CIVIL DISPUTE,2024-11-07,2149,8100 STRAWBERRY LN,FALLS CHURCH,VA,22042
1,SUSP-4,SUSPICIOUS - NOISE,2024-11-07,2236,4100 DAWN VALLEY CT,CHANTILLY,VA,20151
1,ASSLT-13B-1,ASSAULT - SIMPLE; NOT AGGRAVATED,2024-11-07,2220,4300 HOLLOWSTONE CT,CHANTILLY,VA,20151
1,ASSLT-13A-1,ASSAULT - AGGRAVATED,2024-11-07,2239,4000 HIRST DR,ANNANDALE,VA,22003
2,WARR-90Z-4,WARRANT - WARRANT SERVICE,2024-11-07,0205,2900 FURMAN LN,ALEXANDRIA,VA,22306
1,ASSLT-13B-1,ASSAULT - SIMPLE; NOT AGGRAVATED,2024-11-07,2229,3800 LIGHTFOOT ST,CHANTILLY,VA,20151
1,ASSLT-13B-1,ASSAULT - SIMPLE; NOT AGGRAVATED,2024-11-07,2300,6700 BUNKERS CT,CLIFTON,VA,20124
1,SERV-1,SERVICE - POLICE SERVICE,2024-11-07,2307,3300 GALLOWS RD,FALLS CHURCH,VA,22042
1,SERV-29,SERVICE - DOMESTIC DISPUTE,2024-11-07,2319,14500 BRANIFF CIR,CHANTILLY,VA,20151
1,SERV-1,SERVICE - POLICE SERVICE,2024-11-07,2334,9400 ROUTE 29,FAIRFAX,VA,22031
1,ANML-90Z-6,ANIMAL - ANIMAL BITE - DOMESTIC,2024-11-07,1049,5900 KENTIA TRL,LORTON,VA,22079
1,DEST-290-6,DESTRUCTION - OTHER,2024-11-08,0006,3000 PATRICK HENRY DR,FALLS CHURCH,VA,22044
1,SERV-29,SERVICE - DOMESTIC DISPUTE,2024-11-08,0008,5700 SEMINARY RD,FALLS CHURCH,VA,22041
1,TRES-90J-3,TRESPASSING - PUBLIC/PARK PROPERTY,2024-11-08,0050,13200 BRADDOCK RD,CLIFTON,VA,20124
3,SERV-29,SERVICE - DOMESTIC DISPUTE,2024-11-08,0036,5800 POST CORNERS TRL,CENTREVILLE,VA,20120
1,ASSLT-13B-1,ASSAULT - SIMPLE; NOT AGGRAVATED,2024-11-08,0036,5800 POST CORNERS TRL,CENTREVILLE,VA,20120
2,DRUNK-90Z-1,DRUNK - DRUNK/PROFANE IN PUBLIC,2024-11-08,0036,5800 POST CORNERS TRL,CENTREVILLE,VA,20120
1,SUSP-1,SUSPICIOUS - EVENT,2024-11-08,0114, ASHER VW / KENDRA WAY,CENTREVILLE,VA,20121
1,DEST-290-2,DESTRUCTION - PRIVATE PROPERTY,2024-11-08,0419,4200 PARK GREEN CT,FAIRFAX,VA,22030
1,SERV-29,SERVICE - DOMESTIC DISPUTE,2024-11-08,0437,7300 ELGAR ST,SPRINGFIELD,VA,22151
1,SUSP-1,SUSPICIOUS - EVENT,2024-11-08,0159,5200 CATHER RD,SPRINGFIELD,VA,22151
1,SERV-33,SERVICE - NON DMV REPORTABLE CRASH,2024-11-08,0703, SUNSET HILLS RD / WIEHLE AVE,RESTON,VA,20190
1,TRES-90J-1,TRESPASSING - PRIVATE PROPERTY,2024-11-08,0715,7400 LITTLE RIVER TPKE,ANNANDALE,VA,22003
1,SERV-8,SERVICE - LOST/FOUND PROPERTY,2024-11-08,0741,4900 STONECROFT BLVD,CHANTILLY,VA,20120
1,SERV-1,SERVICE - POLICE SERVICE,2024-11-08,0653,7000 FLOYD AVE,SPRINGFIELD,VA,22150
1,SERV-8,SERVICE - LOST/FOUND PROPERTY,2024-11-08,0807, CEDAR COVE CT / SOUTH LAKES DR,RESTON,VA,20191
1,SERV-29,SERVICE - DOMESTIC DISPUTE,2024-11-08,0809,7200 BONA VISTA CT,SPRINGFIELD,VA,22150
1,SERV-1,SERVICE - POLICE SERVICE,2024-11-08,0821,8000 STEEPLE CHASE CT,SPRINGFIELD,VA,22153
1,SUSP-1,SUSPICIOUS - EVENT,2024-11-08,0826,10500 ROSEHAVEN ST,FAIRFAX,VA,22030
1,SUSP-1,SUSPICIOUS - EVENT,2024-11-08,0805,2100 ASTORIA CIR,HERNDON,VA,20170
1,SERV-5,SERVICE - ANIMAL DESTROYED BY CHEMICAL,2024-11-08,0829,6700 BULL RUN POST OFFICE RD,CENTREVILLE,VA,20120
1,TRES-90J-1,TRESPASSING - PRIVATE PROPERTY,2024-11-08,0838,8400 FRYE RD,ALEXANDRIA,VA,22309
1,WEAP-520-9,WEAPONS - BRANDISHING,2024-11-08,0905,5900 FORT DR,CENTREVILLE,VA,20121
1,ANML-3,ANIMAL - SERVICE - DOMESTIC,2024-11-08,0853,4500 UPPER CUB RUN DR,CHANTILLY,VA,20151
1,SERV-47,SERVICE - NON-FATAL OVERDOSE (NFO),2024-11-08,0830,9200 BURKE LAKE RD,BURKE,VA,22015
2,SERV-45,SRO RELATED EVENT,2024-11-08,0830,9200 BURKE LAKE RD,BURKE,VA,22015
1,SERV-8,SERVICE - LOST/FOUND PROPERTY,2024-11-08,0914, FLOYD AVE / FREDERICK ST,SPRINGFIELD,VA,22150
1,SERV-23,SERVICE - MISSING ADULT,2024-11-08,0853,7700 LAFAYETTE FOREST DR,ANNANDALE,VA,22003
1,SERV-1,SERVICE - POLICE SERVICE,2024-11-08,0801,13100 LAZY GLEN CT,HERNDON,VA,20171
1,SUSP-2,SUSPICIOUS - PERSON,2024-11-08,0900,6300 FIELD FLOWER TRL,CENTREVILLE,VA,20121
1,ANML-90Z-3,ANIMAL - LICENSE VIOLATION,2024-11-08,1013,11700 BLUE SMOKE TRL,RESTON,VA,20191
2,ANML-3,ANIMAL - SERVICE - DOMESTIC,2024-11-08,1013,11700 BLUE SMOKE TRL,RESTON,VA,20191
1,SUSP-1,SUSPICIOUS - EVENT,2024-11-08,0932,5800 POST CORNERS TRL,CENTREVILLE,VA,20120
1,SERV-1,SERVICE - POLICE SERVICE,2024-11-08,0946,3700 SOUTH GEORGE MASON DR,FALLS CHURCH,VA,22041
1,SERV-1,SERVICE - POLICE SERVICE,2024-11-08,1059,8300 WINDFALL RD,SPRINGFIELD,VA,22153
1,ANML-90Z-2,ANIMAL - RABIES CERTIFICATE VIOLATION,2024-11-08,1202,8500 ARLINGTON BLVD,FAIRFAX,VA,22031
2,ANML-90Z-6,ANIMAL - ANIMAL BITE - DOMESTIC,2024-11-08,1202,8500 ARLINGTON BLVD,FAIRFAX,VA,22031
1,SUSP-2,SUSPICIOUS - PERSON,2024-11-08,1206, BACKLICK RD / HECHINGER DR,SPRINGFIELD,VA,22151
1,ASSLT-13B-1,ASSAULT - SIMPLE; NOT AGGRAVATED,2024-11-08,1200,7700 PATRIOT DR,ANNANDALE,VA,22003
1,SUSP-1,SUSPICIOUS - EVENT,2024-11-08,1244,12100 PENDERVIEW TER,FAIRFAX,VA,22033
1,ANML-3,ANIMAL - SERVICE - DOMESTIC,2024-11-08,1302,2000 WETHERSFIELD CT,RESTON,VA,20191
1,ANML-90Z-6,ANIMAL - ANIMAL BITE - DOMESTIC,2024-11-08,1255,6500 FRONTIER DR,SPRINGFIELD,VA,22150
2,ANML-90Z-3,ANIMAL - LICENSE VIOLATION,2024-11-08,1255,6500 FRONTIER DR,SPRINGFIELD,VA,22150
1,SUSP-1,SUSPICIOUS - EVENT,2024-11-08,1234,14600 BATTERY RIDGE LN,CENTREVILLE,VA,20120
1,SERV-11,SERVICE - NATURAL DEATH,2024-11-08,1215,13700 MAGNA WAY,HERNDON,VA,20171
1,SERV-2,SERVICE - CIVIL DISPUTE,2024-11-08,1139,6300 WINGATE ST,ALEXANDRIA,VA,22312
1,ANML-90Z-6,ANIMAL - ANIMAL BITE - DOMESTIC,2024-11-08,1309,10000 MARSHALL POND RD,BURKE,VA,22015
1,ASSLT-13B-1,ASSAULT - SIMPLE; NOT AGGRAVATED,2024-11-08,0700,5400 NEW LONDON PARK DR,FAIRFAX,VA,22032
1,PARK-90Z-1,PARKING - INOPERATIVE/ABANDONED VEHICLE,2024-11-08,1419, BRADDOCK RD / UNION MILL RD,CLIFTON,VA,20124
1,ANML-90Z-1,ANIMAL - RUNNING AT LARGE/UNRESTRICTED,2024-11-08,1432,2700 GLENCROFT RD,VIENNA,VA,22181
2,ANML-90Z-6,ANIMAL - ANIMAL BITE - DOMESTIC,2024-11-08,1432,2700 GLENCROFT RD,VIENNA,VA,22181
1,SUSP-1,SUSPICIOUS - EVENT,2024-11-08,1407,7100 COLUMBIA PIKE,ANNANDALE,VA,22003
1,SERV-8,SERVICE - LOST/FOUND PROPERTY,2024-11-08,1500, NORTH SHORE DR / WIEHLE AVE,RESTON,VA,20190
1,SERV-1,SERVICE - POLICE SERVICE,2024-11-08,1116,44000 RIVERSIDE PKWY,LOCO,VA,
1,ANML-90Z-3,ANIMAL - LICENSE VIOLATION,2024-11-08,1408,4300 IVYMOUNT CT,ANNANDALE,VA,22003
2,ANML-90Z-2,ANIMAL - RABIES CERTIFICATE VIOLATION,2024-11-08,1408,4300 IVYMOUNT CT,ANNANDALE,VA,22003
1,SUSP-2,SUSPICIOUS - PERSON,2024-11-08,1510,4800 BEAUREGARD ST,ALEXANDRIA,VA,22312
1,ANML-3,ANIMAL - SERVICE - DOMESTIC,2024-11-08,1548,3500 SOUTH GEORGE MASON DR,ALEXANDRIA,VA,22302
1,LARC-23-3,LARCENY - SHOPLIFTING,2024-11-08,1400,1400 NORTH POINT VILLAGE CTR,RESTON,VA,20194
1,SERV-5,SERVICE - ANIMAL DESTROYED BY CHEMICAL,2024-11-08,1545,8500 FOREST PL,ALEXANDRIA,VA,22309
1,SUSP-1,SUSPICIOUS - EVENT,2024-11-08,1457,6700 ALPINE DR,ANNANDALE,VA,22003
1,ANML-90Z-3,ANIMAL - LICENSE VIOLATION,2024-11-08,1657,6400 TWIN CT,SPRINGFIELD,VA,22150
2,ANML-90Z-7,ANIMAL - OTHER ANIMAL CODE VIOLATION,2024-11-08,1657,6400 TWIN CT,SPRINGFIELD,VA,22150
3,ANML-90Z-2,ANIMAL - RABIES CERTIFICATE VIOLATION,2024-11-08,1657,6400 TWIN CT,SPRINGFIELD,VA,22150
4,ANML-90Z-1,ANIMAL - RUNNING AT LARGE/UNRESTRICTED,2024-11-08,1657,6400 TWIN CT,SPRINGFIELD,VA,22150
1,LARC-23-3,LARCENY - SHOPLIFTING,2024-11-08,1300,3500 SOUTH JEFFERSON ST,FALLS CHURCH,VA,22041
1,SERV-29,SERVICE - DOMESTIC DISPUTE,2024-11-08,1737,9400 LORTON MARKET ST,LORTON,VA,22079
1,LARC-23-10,LARCENY - THEFT OF SERVICES,2024-11-08,1755,3500 SOUTH JEFFERSON ST,FALLS CHURCH,VA,22041
1,LARC-23-3,LARCENY - SHOPLIFTING,2024-11-08,1506,2500 JOHN MILTON DR,HERNDON,VA,20171
1,LARC-23-3,LARCENY - SHOPLIFTING,2024-11-08,1631,6300 COLUMBIA PIKE,FALLS CHURCH,VA,22041
2,SERV-999,POLICE PHONE REPORT,2024-11-08,1631,6300 COLUMBIA PIKE,FALLS CHURCH,VA,22041
1,ANML-90Z-6,ANIMAL - ANIMAL BITE - DOMESTIC,2024-11-08,1903,2400 ALSOP CT,RESTON,VA,20191
1,SERV-29,SERVICE - DOMESTIC DISPUTE,2024-11-08,1915,12100 PENDERVIEW TER,FAIRFAX,VA,22033
1,SERV-5,SERVICE - ANIMAL DESTROYED BY CHEMICAL,2024-11-08,1952,9800 AMSTERDAM ST,LORTON,VA,22079
1,DEST-290-2,DESTRUCTION - PRIVATE PROPERTY,2024-11-08,0145,4800 PINEY BRANCH RD,FAIRFAX,VA,22030
1,SUSP-1,SUSPICIOUS - EVENT,2024-11-08,2143,4800 BRIGGS RD,FAIRFAX,VA,22030
1,SERV-29,SERVICE - DOMESTIC DISPUTE,2024-11-08,2215,1800 SAINT FRANCIS ST,RESTON,VA,20190
1,ANML-90Z-1,ANIMAL - RUNNING AT LARGE/UNRESTRICTED,2024-11-08,2219, HUNTER MILL RD / VALE RD,OAKTON,VA,22124
2,ANML-90Z-3,ANIMAL - LICENSE VIOLATION,2024-11-08,2219, HUNTER MILL RD / VALE RD,OAKTON,VA,22124
